phase,seq,flag,min_mm,local_v,local_w,edge_v,edge_w,t_send_s,rtt_ms,v_out,w_out,mode,state,switch_us,n_sw,bad_lines,ok
paced,1,0,287,220,0,150,511,0.000129,,,,,,,,,0
paced,2,0,214,220,0,150,-776,0.215100,,,,,,,,,0
paced,3,0,270,220,0,150,209,0.418040,,,,,,,,,0
paced,4,0,610,220,0,150,114,0.619611,,,,,,,,,0
paced,5,0,538,220,0,150,1410,0.823868,,,,,,,,,0
paced,6,0,364,220,0,150,-1436,1.027107,,,,,,,,,0
paced,7,0,649,220,0,150,-1704,1.228111,,,,,,,,,0
paced,8,0,549,220,0,150,-48,1.430629,,,,,,,,,0
paced,9,0,772,220,0,150,1302,1.632167,2.870,150,1302,0,0,0,2,3,1
paced,10,0,152,220,0,150,1030,1.635106,,,,,,,,,0
paced,11,0,606,220,0,150,-730,1.849720,,,,,,,,,0
paced,12,0,384,220,0,150,601,2.053715,,,,,,,,,0
paced,13,0,254,220,0,150,-520,2.257415,,,,,,,,,0
paced,14,0,181,220,0,150,-1729,2.473473,,,,,,,,,0
paced,15,0,176,220,0,150,840,2.675749,,,,,,,,,0
paced,16,0,704,220,0,150,-1783,2.878264,2.730,150,-1783,0,0,0,2,10,1
paced,17,0,540,220,0,150,991,2.881055,,,,,,,,,0
paced,18,0,371,220,0,150,-92,3.096285,2.872,150,-92,0,1,0,2,10,1
paced,19,0,179,220,0,150,341,3.099212,,,,,,,,,0
paced,20,0,377,220,0,150,1308,3.299977,,,,,,,,,0
paced,21,0,598,220,0,150,210,3.502497,,,,,,,,,0
paced,22,0,716,220,0,150,-866,3.706221,1.949,150,-866,0,0,0,2,10,1
paced,23,0,503,220,0,150,-875,3.708198,,,,,,,,,0
paced,24,0,374,220,0,150,1296,3.924085,2.537,150,1296,0,1,0,2,10,1
paced,25,0,620,220,0,150,-634,3.926693,,,,,,,,,0
paced,26,0,172,220,0,150,-116,4.140076,,,,,,,,,0
paced,27,0,719,220,0,150,810,4.341466,,,,,,,,,0
paced,28,0,252,220,0,150,-1059,4.543756,,,,,,,,,0
paced,29,0,794,220,0,150,1144,4.748352,2.558,150,1144,0,0,0,2,10,1
paced,30,0,453,220,0,150,-1325,4.750993,,,,,,,,,0
paced,31,0,490,220,0,150,1135,4.966857,,,,,,,,,0
paced,32,0,662,220,0,150,-92,5.170504,,,,,,,,,0
paced,33,0,669,220,0,150,1579,5.373197,,,,,,,,,0
paced,34,0,344,220,0,150,-578,5.576234,2.299,150,-578,0,1,0,2,10,1
paced,35,0,440,220,0,150,586,5.578594,,,,,,,,,0
paced,36,0,661,220,0,150,1646,5.793868,,,,,,,,,0
paced,37,0,667,220,0,150,-209,5.997432,2.072,150,-209,0,0,0,2,10,1
paced,38,0,753,220,0,150,1675,5.999544,,,,,,,,,0
paced,39,0,185,220,0,150,147,6.201136,,,,,,,,,0
paced,40,0,398,220,0,150,1226,6.404072,2.440,150,1226,0,1,0,2,10,1
paced,41,0,563,220,0,150,-123,6.406562,,,,,,,,,0
paced,42,0,327,220,0,150,-317,6.621157,3.047,150,-317,0,1,0,2,10,1
paced,43,0,711,220,0,150,1795,6.624294,,,,,,,,,0
paced,44,0,533,220,0,150,-1466,6.837980,2.932,150,-1466,0,0,0,2,10,1
paced,45,0,599,220,0,150,898,6.840997,,,,,,,,,0
paced,46,0,670,220,0,150,-1378,7.056670,,,,,,,,,0
paced,47,0,317,220,0,150,313,7.259254,2.826,150,313,0,1,0,2,10,1
paced,48,0,552,220,0,150,-303,7.262153,2.825,150,-303,0,0,0,2,10,1
paced,49,0,651,220,0,150,1181,7.265056,,,,,,,,,0
paced,50,0,180,220,0,150,102,7.479027,2.658,150,102,0,2,0,2,10,1
paced,51,0,194,220,0,150,-557,7.481731,,,,,,,,,0
paced,52,0,779,220,0,150,609,7.696290,3.057,150,609,0,0,0,2,10,1
paced,53,0,742,220,0,150,-208,7.699438,2.315,150,-208,0,0,0,2,10,1
paced,54,0,324,220,0,150,-1130,7.701794,,,,,,,,,0
paced,55,0,664,220,0,150,-891,7.913858,,,,,,,,,0
paced,56,0,162,220,0,150,1336,8.116663,3.041,150,1336,0,2,0,2,10,1
paced,57,0,354,220,0,150,390,8.119788,,,,,,,,,0
paced,58,0,711,220,0,150,-870,8.336519,,,,,,,,,0
paced,59,0,564,220,0,150,284,8.540288,2.278,150,284,0,0,0,2,10,1
paced,60,0,502,220,0,150,1651,8.542623,,,,,,,,,0
paced,61,0,741,220,0,150,-373,8.743265,,,,,,,,,0
paced,62,0,620,220,0,150,-718,8.944122,,,,,,,,,0
paced,63,0,711,220,0,150,674,9.145524,,,,,,,,,0
paced,64,0,155,220,0,150,-249,9.349859,,,,,,,,,0
paced,65,0,674,220,0,150,1494,9.551075,,,,,,,,,0
paced,66,0,282,220,0,150,304,9.754838,,,,,,,,,0
paced,67,0,724,220,0,150,-979,9.958128,,,,,,,,,0
paced,68,0,586,220,0,150,-1591,10.161342,2.283,150,-1591,0,0,0,2,10,1
paced,69,0,642,220,0,150,1743,10.163662,,,,,,,,,0
paced,70,0,523,220,0,150,514,10.364764,,,,,,,,,0
paced,71,0,717,220,0,150,-1002,10.567705,,,,,,,,,0
paced,72,0,666,220,0,150,-127,10.772633,,,,,,,,,0
paced,73,0,646,220,0,150,1511,10.973392,2.070,150,1511,0,0,0,2,10,1
paced,74,0,515,220,0,150,-123,10.975492,1.707,150,-123,0,0,0,2,10,1
paced,75,0,504,220,0,150,-1814,10.977216,,,,,,,,,0
paced,76,0,701,220,0,150,392,11.191633,,,,,,,,,0
paced,77,0,788,220,0,150,1401,11.392117,,,,,,,,,0
paced,78,0,777,220,0,150,-464,11.595396,3.871,150,-464,0,0,0,2,10,1
paced,79,0,619,220,0,150,637,11.599361,2.515,150,637,0,0,0,2,10,1
paced,80,0,178,220,0,150,1475,11.601923,,,,,,,,,0
paced,81,0,385,220,0,150,782,11.812490,,,,,,,,,0
paced,82,0,331,220,0,150,435,12.014835,,,,,,,,,0
paced,83,0,748,220,0,150,-1080,12.218597,,,,,,,,,0
paced,84,0,243,220,0,150,1450,12.423467,,,,,,,,,0
paced,85,0,714,220,0,150,1444,12.626621,,,,,,,,,0
paced,86,0,411,220,0,150,-1688,12.831908,,,,,,,,,0
paced,87,0,222,220,0,150,-1480,13.035225,3.334,150,-1480,0,1,0,2,10,1
paced,88,0,167,220,0,150,35,13.038733,,,,,,,,,0
paced,89,0,164,220,0,150,1268,13.252235,2.777,150,1268,0,2,0,2,10,1
paced,90,0,437,220,0,150,-798,13.255080,3.001,150,-798,0,0,0,2,10,1
paced,91,0,425,220,0,150,-1372,13.258146,,,,,,,,,0
paced,92,0,789,220,0,150,-1064,13.470873,,,,,,,,,0
paced,93,0,502,220,0,150,-631,13.687890,2.917,150,-631,0,0,0,2,10,1
paced,94,0,221,220,0,150,-1135,13.690896,,,,,,,,,0
paced,95,0,313,220,0,150,-775,13.892411,,,,,,,,,0
paced,96,0,690,220,0,150,-1132,14.094498,,,,,,,,,0
paced,97,0,429,220,0,150,835,14.297101,,,,,,,,,0
paced,98,0,451,220,0,150,42,14.499858,,,,,,,,,0
paced,99,0,479,220,0,150,213,14.701877,,,,,,,,,0
paced,100,0,635,220,0,150,-1353,14.904833,,,,,,,,,0
paced,101,0,174,220,0,150,-543,15.107502,,,,,,,,,0
paced,102,0,545,220,0,150,-414,15.308444,,,,,,,,,0
paced,103,0,581,220,0,150,1441,15.509204,,,,,,,,,0
paced,104,0,342,220,0,150,-762,15.710375,,,,,,,,,0
paced,105,0,261,220,0,150,-782,15.913962,,,,,,,,,0
paced,106,0,672,220,0,150,-964,16.117473,,,,,,,,,0
paced,107,0,770,220,0,150,-52,16.322555,,,,,,,,,0
paced,108,0,171,220,0,150,-897,16.526868,,,,,,,,,0
paced,109,0,168,220,0,150,-193,16.729036,3.070,150,-193,0,2,0,2,10,1
paced,110,0,299,220,0,150,-1676,16.732194,,,,,,,,,0
paced,111,0,314,220,0,150,5,16.947203,2.261,150,5,0,1,0,2,10,1
paced,112,0,668,220,0,150,957,16.949512,,,,,,,,,0
paced,113,0,586,220,0,150,411,17.164715,,,,,,,,,0
paced,114,0,375,220,0,150,763,17.366246,2.080,150,763,0,1,0,2,10,1
paced,115,0,678,220,0,150,26,17.368363,,,,,,,,,0
paced,116,0,378,220,0,150,325,17.584638,,,,,,,,,0
paced,117,0,181,220,0,150,-203,17.786581,4.003,150,-203,0,2,0,2,10,1
paced,118,0,739,220,0,150,1470,17.790676,,,,,,,,,0
paced,119,0,478,220,0,150,882,18.004363,2.331,150,882,0,0,0,2,17,1
paced,120,0,796,220,0,150,-74,18.006736,,,,,,,,,0
paced,121,0,210,220,0,150,1200,18.208474,,,,,,,,,0
paced,122,0,455,220,0,150,-1306,18.409808,,,,,,,,,0
paced,123,0,367,220,0,150,1766,18.611300,3.927,150,1766,0,1,0,2,17,1
paced,124,0,198,220,0,150,-566,18.615334,3.047,150,-566,0,2,0,2,17,1
paced,125,0,222,220,0,150,1696,18.618445,2.022,150,1696,0,1,0,2,17,1
paced,126,0,228,220,0,150,-549,18.620497,,,,,,,,,0
paced,127,0,455,220,0,150,1226,18.830836,,,,,,,,,0
paced,128,0,312,220,0,150,-116,19.035075,,,,,,,,,0
paced,129,0,728,220,0,150,-787,19.239262,,,,,,,,,0
paced,130,0,283,220,0,150,-1786,19.454735,,,,,,,,,0
paced,131,0,724,220,0,150,1779,19.658330,,,,,,,,,0
paced,132,0,188,220,0,150,599,19.860222,2.419,150,599,0,2,0,2,17,1
paced,133,0,372,220,0,150,515,19.862708,,,,,,,,,0
paced,134,0,621,220,0,150,-1118,20.076972,2.550,150,-1118,0,0,0,2,17,1
paced,135,0,787,220,0,150,264,20.079597,,,,,,,,,0
paced,136,0,188,220,0,150,-272,20.281222,2.638,150,-272,0,2,0,2,17,1
paced,137,0,355,220,0,150,-399,20.283939,,,,,,,,,0
paced,138,0,251,220,0,150,-978,20.485072,,,,,,,,,0
paced,139,0,737,220,0,150,941,20.688848,,,,,,,,,0
paced,140,0,593,220,0,150,602,20.892969,,,,,,,,,0
paced,141,0,348,220,0,150,196,21.097452,,,,,,,,,0
paced,142,0,256,220,0,150,907,21.302039,,,,,,,,,0
paced,143,0,549,220,0,150,-608,21.503709,,,,,,,,,0
paced,144,0,666,220,0,150,227,21.707809,3.184,150,227,0,0,0,2,17,1
paced,145,0,167,220,0,150,-488,21.711066,,,,,,,,,0
paced,146,0,776,220,0,150,1750,21.926372,2.277,150,1750,0,0,0,2,17,1
paced,147,0,561,220,0,150,-668,21.929010,2.782,150,-668,0,0,0,2,17,1
paced,148,0,168,220,0,150,-1178,21.931878,,,,,,,,,0
paced,149,0,355,220,0,150,1692,22.143648,,,,,,,,,0
paced,150,0,485,220,0,150,1502,22.346008,,,,,,,,,0
paced,151,0,726,220,0,150,1385,22.550727,,,,,,,,,0
paced,152,0,288,220,0,150,-432,22.754185,3.101,150,-432,0,1,0,2,17,1
paced,153,0,589,220,0,150,-948,22.757374,2.419,150,-948,0,0,0,2,17,1
paced,154,0,422,220,0,150,942,22.759856,,,,,,,,,0
paced,155,0,248,220,0,150,1611,22.973275,,,,,,,,,0
paced,156,0,538,220,0,150,423,23.175579,,,,,,,,,0
paced,157,0,502,220,0,150,1794,23.376768,,,,,,,,,0
paced,158,0,697,220,0,150,164,23.578889,3.005,150,164,0,0,0,2,17,1
paced,159,0,695,220,0,150,-859,23.581987,,,,,,,,,0
paced,160,0,216,220,0,150,1151,23.797067,2.607,150,1151,0,1,0,2,17,1
paced,161,0,191,220,0,150,-1474,23.799735,,,,,,,,,0
paced,162,0,286,220,0,150,-1125,24.014813,3.114,150,-1125,0,1,0,2,17,1
paced,163,0,320,220,0,150,384,24.018018,,,,,,,,,0
paced,164,0,368,220,0,150,-723,24.231982,,,,,,,,,0
paced,165,0,490,220,0,150,638,24.437212,2.077,150,638,0,0,0,2,17,1
paced,166,0,668,220,0,150,1625,24.439322,,,,,,,,,0
paced,167,0,411,220,0,150,-313,24.640751,3.440,150,-313,0,0,0,2,17,1
paced,168,0,496,220,0,150,-427,24.644249,,,,,,,,,0
paced,169,0,266,220,0,150,-628,24.846303,3.112,150,-628,0,1,0,2,17,1
paced,170,0,390,220,0,150,1732,24.849496,,,,,,,,,0
paced,171,0,768,220,0,150,1372,25.051047,2.536,150,1372,0,0,0,2,17,1
paced,172,0,650,220,0,150,-1266,25.053665,,,,,,,,,0
paced,173,0,743,220,0,150,437,25.267994,,,,,,,,,0
paced,174,0,256,220,0,150,-507,25.470637,,,,,,,,,0
paced,175,0,190,220,0,150,-155,25.672715,,,,,,,,,0
paced,176,0,224,220,0,150,-263,25.875292,2.176,150,-263,0,1,0,2,17,1
paced,177,0,300,220,0,150,1573,25.877524,,,,,,,,,0
paced,178,0,278,220,0,150,-424,26.079099,2.922,150,-424,0,1,0,2,17,1
paced,179,0,267,220,0,150,699,26.082102,,,,,,,,,0
paced,180,0,751,220,0,150,1382,26.293660,,,,,,,,,0
paced,181,0,537,220,0,150,-1507,26.495556,,,,,,,,,0
paced,182,0,734,220,0,150,433,26.697588,,,,,,,,,0
paced,183,0,379,220,0,150,498,26.913814,,,,,,,,,0
paced,184,0,233,220,0,150,-728,27.118127,,,,,,,,,0
paced,185,0,523,220,0,150,-610,27.320209,3.435,150,-610,0,0,0,2,17,1
paced,186,0,727,220,0,150,368,27.323681,,,,,,,,,0
paced,187,0,267,220,0,150,55,27.536350,3.176,150,55,0,1,0,2,17,1
paced,188,0,433,220,0,150,-1379,27.539628,,,,,,,,,0
paced,189,0,196,220,0,150,1570,27.756133,2.918,150,1570,0,2,0,2,17,1
paced,190,0,452,220,0,150,-1770,27.759121,2.748,150,-1770,0,0,0,2,17,1
paced,191,0,778,220,0,150,926,27.761927,3.274,150,926,0,0,0,2,17,1
paced,192,0,164,220,0,150,-1445,27.765284,2.522,150,-1445,0,2,0,2,17,1
paced,193,0,573,220,0,150,-1349,27.767854,,,,,,,,,0
paced,194,0,190,220,0,150,-1051,27.974050,,,,,,,,,0
paced,195,0,395,220,0,150,1397,28.176951,3.033,150,1397,0,1,0,2,17,1
paced,196,0,750,220,0,150,-96,28.180078,2.763,150,-96,0,0,0,2,17,1
paced,197,0,315,220,0,150,-1347,28.182915,,,,,,,,,0
paced,198,0,611,220,0,150,-1135,28.395618,,,,,,,,,0
paced,199,0,397,220,0,150,-1169,28.599051,2.570,150,-1169,0,1,0,2,17,1
paced,200,0,255,220,0,150,-38,28.601696,,,,,,,,,0
paced,201,0,537,220,0,150,1483,28.816426,1.816,150,1483,0,0,0,2,17,1
paced,202,0,705,220,0,150,1531,28.818283,,,,,,,,,0
paced,203,0,451,220,0,150,433,29.022051,,,,,,,,,0
paced,204,0,409,220,0,150,1094,29.223114,2.610,150,1094,0,0,0,2,17,1
paced,205,0,638,220,0,150,-532,29.225796,,,,,,,,,0
paced,206,0,252,220,0,150,-970,29.442178,2.525,150,-970,0,1,0,2,17,1
paced,207,0,475,220,0,150,-1658,29.444758,,,,,,,,,0
paced,208,0,177,220,0,150,-1777,29.660752,,,,,,,,,0
paced,209,0,452,220,0,150,1155,29.862747,,,,,,,,,0
paced,210,0,760,220,0,150,-509,30.067307,2.703,150,-509,0,0,0,2,17,1
paced,211,0,610,220,0,150,-218,30.070089,,,,,,,,,0
paced,212,0,470,220,0,150,-188,30.285519,,,,,,,,,0
paced,213,0,214,220,0,150,-1558,30.488840,,,,,,,,,0
paced,214,0,474,220,0,150,643,30.690698,,,,,,,,,0
paced,215,0,616,220,0,150,-1364,30.893121,,,,,,,,,0
paced,216,0,406,220,0,150,-939,31.109236,2.334,150,-939,0,0,0,2,17,1
paced,217,0,782,220,0,150,1366,31.111601,,,,,,,,,0
paced,218,0,705,220,0,150,1733,31.327022,,,,,,,,,0
paced,219,0,630,220,0,150,890,31.530616,,,,,,,,,0
paced,220,0,514,220,0,150,-759,31.747018,,,,,,,,,0
paced,221,0,337,220,0,150,398,31.950346,2.246,150,398,0,1,0,2,17,1
paced,222,0,362,220,0,150,-562,31.952633,,,,,,,,,0
paced,223,0,353,220,0,150,-811,32.168037,,,,,,,,,0
paced,224,0,519,220,0,150,-1487,32.372364,2.253,150,-1487,0,0,0,2,17,1
paced,225,0,437,220,0,150,-1454,32.374655,,,,,,,,,0
paced,226,0,608,220,0,150,-1450,32.576390,,,,,,,,,0
paced,227,0,738,220,0,150,815,32.781023,2.837,150,815,0,0,0,2,17,1
paced,228,0,497,220,0,150,-889,32.783929,,,,,,,,,0
paced,229,0,549,220,0,150,-564,32.998330,2.348,150,-564,0,0,0,2,17,1
paced,230,0,192,220,0,150,-480,33.000726,,,,,,,,,0
paced,231,0,341,220,0,150,-523,33.200919,,,,,,,,,0
paced,232,0,742,220,0,150,-580,33.405653,,,,,,,,,0
paced,233,0,401,220,0,150,-451,33.607637,3.615,150,-451,0,0,0,2,17,1
paced,234,0,253,220,0,150,409,33.611346,2.910,150,409,0,1,0,2,17,1
paced,235,0,776,220,0,150,551,33.614320,2.653,150,551,0,0,0,2,17,1
paced,236,0,760,220,0,150,-1443,33.617054,,,,,,,,,0
paced,237,0,400,220,0,150,-919,33.824054,2.800,150,-919,0,0,0,2,17,1
paced,238,0,170,220,0,150,1490,33.826931,,,,,,,,,0
paced,239,0,399,220,0,150,-175,34.040812,,,,,,,,,0
paced,240,0,224,220,0,150,-723,34.244140,3.253,150,-723,0,1,0,2,17,1
paced,241,0,714,220,0,150,1733,34.247473,,,,,,,,,0
paced,242,0,222,220,0,150,1166,34.462739,,,,,,,,,0
paced,243,0,226,220,0,150,-1732,34.664400,,,,,,,,,0
paced,244,0,800,220,0,150,-1780,34.867499,,,,,,,,,0
paced,245,0,447,220,0,150,1254,35.070435,,,,,,,,,0
paced,246,0,517,220,0,150,200,35.273586,,,,,,,,,0
paced,247,0,630,220,0,150,1713,35.476950,,,,,,,,,0
paced,248,0,307,220,0,150,-1407,35.692675,,,,,,,,,0
paced,249,0,663,220,0,150,1365,35.893490,,,,,,,,,0
paced,250,0,485,220,0,150,-1505,36.095622,3.839,150,-1505,0,0,0,2,17,1
paced,251,0,671,220,0,150,904,36.099554,,,,,,,,,0
paced,252,0,327,220,0,150,-1085,36.314705,,,,,,,,,0
paced,253,0,303,220,0,150,-1241,36.518216,2.108,150,-1241,0,1,0,2,17,1
paced,254,0,477,220,0,150,-569,36.520374,2.361,150,-569,0,0,0,2,17,1
paced,255,0,259,220,0,150,1085,36.522780,,,,,,,,,0
paced,256,0,676,220,0,150,1598,36.738758,,,,,,,,,0
paced,257,0,766,220,0,150,-618,36.941373,2.395,150,-618,0,0,0,2,17,1
paced,258,0,279,220,0,150,-974,36.943827,,,,,,,,,0
paced,259,0,295,220,0,150,414,37.160011,,,,,,,,,0
paced,260,0,182,220,0,150,1373,37.362084,,,,,,,,,0
paced,261,0,473,220,0,150,1542,37.564837,,,,,,,,,0
paced,262,0,788,220,0,150,1472,37.768380,,,,,,,,,0
paced,263,0,716,220,0,150,1623,37.984458,,,,,,,,,0
paced,264,0,360,220,0,150,-1091,38.187380,,,,,,,,,0
paced,265,0,456,220,0,150,-48,38.390342,2.316,150,-48,0,0,0,2,17,1
paced,266,0,700,220,0,150,-1174,38.392696,,,,,,,,,0
paced,267,0,199,220,0,150,1107,38.608295,1.904,150,1107,0,2,0,2,17,1
paced,268,0,403,220,0,150,-786,38.610226,,,,,,,,,0
paced,269,0,215,220,0,150,973,38.812669,,,,,,,,,0
paced,270,0,607,220,0,150,1490,39.016765,,,,,,,,,0
paced,271,0,590,220,0,150,429,39.218312,2.567,150,429,0,0,0,2,17,1
paced,272,0,406,220,0,150,397,39.220951,2.850,150,397,0,0,0,2,17,1
paced,273,0,599,220,0,150,1666,39.223872,,,,,,,,,0
paced,274,0,700,220,0,150,36,39.433951,,,,,,,,,0
paced,275,0,161,220,0,150,-200,39.635919,3.843,150,-200,0,2,0,2,17,1
paced,276,0,496,220,0,150,-1118,39.639862,2.807,150,-1118,0,0,0,2,17,1
paced,277,0,414,220,0,150,169,39.642732,,,,,,,,,0
paced,278,0,174,220,0,150,1428,39.854208,2.935,150,1428,0,2,0,2,17,1
paced,279,0,576,220,0,150,517,39.857222,2.400,150,517,0,0,0,2,17,1
paced,280,0,169,220,0,150,-1565,39.859674,,,,,,,,,0
paced,281,0,513,220,0,150,555,40.073180,2.738,150,555,0,0,0,2,17,1
paced,282,0,291,220,0,150,611,40.076006,,,,,,,,,0
paced,283,0,278,220,0,150,-1253,40.291868,2.648,150,-1253,0,1,0,2,17,1
paced,284,0,415,220,0,150,1575,40.294563,,,,,,,,,0
paced,285,0,433,220,0,150,-191,40.497486,,,,,,,,,0
paced,286,0,727,220,0,150,-178,40.700524,,,,,,,,,0
paced,287,0,326,220,0,150,688,40.905189,2.232,150,688,0,1,0,2,17,1
paced,288,0,241,220,0,150,-864,40.907579,,,,,,,,,0
paced,289,0,647,220,0,150,-1790,41.109429,,,,,,,,,0
paced,290,0,331,220,0,150,345,41.313126,2.283,150,345,0,1,0,2,17,1
paced,291,0,474,220,0,150,231,41.315445,2.201,150,231,0,0,0,2,17,1
paced,292,0,598,220,0,150,991,41.317675,,,,,,,,,0
paced,293,0,381,220,0,150,-844,41.530608,,,,,,,,,0
paced,294,0,470,220,0,150,207,41.734802,,,,,,,,,0
paced,295,0,640,220,0,150,-899,41.936372,2.606,150,-899,0,0,0,2,17,1
paced,296,0,572,220,0,150,-440,41.939039,,,,,,,,,0
paced,297,0,723,220,0,150,683,42.152344,,,,,,,,,0
paced,298,0,431,220,0,150,827,42.355970,,,,,,,,,0
paced,299,0,374,220,0,150,-1623,42.560156,,,,,,,,,0
paced,300,0,223,220,0,150,1306,42.762507,,,,,,,,,0
paced,301,0,673,220,0,150,823,42.968474,,,,,,,,,0
paced,302,0,527,220,0,150,-1167,43.184916,,,,,,,,,0
paced,303,0,673,220,0,150,1317,43.385936,2.891,150,1317,0,0,0,2,17,1
paced,304,0,358,220,0,150,-543,43.388887,,,,,,,,,0
paced,305,0,455,220,0,150,1016,43.604638,,,,,,,,,0
paced,306,0,456,220,0,150,1657,43.806786,,,,,,,,,0
paced,307,0,715,220,0,150,-298,44.009310,2.370,150,-298,0,0,0,2,17,1
paced,308,0,319,220,0,150,1052,44.011744,,,,,,,,,0
paced,309,0,625,220,0,150,615,44.228334,3.394,150,615,0,0,0,2,17,1
paced,310,0,237,220,0,150,1687,44.231818,,,,,,,,,0
paced,311,0,276,220,0,150,662,44.446194,2.510,150,662,0,1,0,2,17,1
paced,312,0,676,220,0,150,519,44.448752,,,,,,,,,0
paced,313,0,536,220,0,150,-1098,44.649354,,,,,,,,,0
paced,314,0,309,220,0,150,-794,44.850654,,,,,,,,,0
paced,315,0,586,220,0,150,-929,45.054353,2.470,150,-929,0,0,0,2,17,1
paced,316,0,733,220,0,150,1127,45.056866,,,,,,,,,0
paced,317,0,203,220,0,150,207,45.272987,2.676,150,207,0,1,0,2,17,1
paced,318,0,553,220,0,150,1117,45.275732,,,,,,,,,0
paced,319,0,506,220,0,150,-248,45.490687,,,,,,,,,0
paced,320,0,677,220,0,150,1643,45.694001,,,,,,,,,0
paced,321,0,318,220,0,150,409,45.896795,,,,,,,,,0
paced,322,0,191,220,0,150,327,46.100142,2.175,150,327,0,2,0,2,17,1
paced,323,0,242,220,0,150,1489,46.102371,,,,,,,,,0
paced,324,0,411,220,0,150,754,46.318864,,,,,,,,,0
paced,325,0,253,220,0,150,-725,46.522286,2.534,150,-725,0,1,0,2,25,1
paced,326,0,235,220,0,150,-1251,46.524866,,,,,,,,,0
paced,327,0,781,220,0,150,1628,46.739533,,,,,,,,,0
paced,328,0,233,220,0,150,2,46.956324,2.401,150,2,0,1,0,2,25,1
paced,329,0,396,220,0,150,1665,46.958798,,,,,,,,,0
paced,330,0,541,220,0,150,1467,47.174559,,,,,,,,,0
paced,331,0,593,220,0,150,-193,47.378515,,,,,,,,,0
paced,332,0,318,220,0,150,-487,47.580535,,,,,,,,,0
paced,333,0,598,220,0,150,-1303,47.782953,,,,,,,,,0
paced,334,0,787,220,0,150,178,47.987003,3.208,150,178,0,0,0,2,25,1
paced,335,0,367,220,0,150,-1332,47.990305,2.373,150,-1332,0,1,0,2,25,1
paced,336,0,591,220,0,150,640,47.992738,,,,,,,,,0
paced,337,0,696,220,0,150,-148,48.206621,,,,,,,,,0
paced,338,0,270,220,0,150,885,48.408977,,,,,,,,,0
paced,339,0,452,220,0,150,-683,48.611193,3.272,150,-683,0,0,0,2,25,1
paced,340,0,404,220,0,150,-269,48.614549,,,,,,,,,0
paced,341,0,722,220,0,150,-1804,48.816173,2.907,150,-1804,0,0,0,2,25,1
paced,342,0,344,220,0,150,344,48.819154,,,,,,,,,0
paced,343,0,599,220,0,150,551,49.035359,,,,,,,,,0
paced,344,0,171,220,0,150,-1694,49.239257,2.368,150,-1694,0,2,0,2,25,1
paced,345,0,792,220,0,150,660,49.241666,,,,,,,,,0
paced,346,0,398,220,0,150,1601,49.443169,2.543,150,1601,0,1,0,2,25,1
paced,347,0,416,220,0,150,-974,49.445762,,,,,,,,,0
paced,348,0,327,220,0,150,-654,49.661493,,,,,,,,,0
paced,349,0,301,220,0,150,401,49.866230,2.952,150,401,0,1,0,2,25,1
paced,350,0,355,220,0,150,-701,49.869270,2.377,150,-701,0,1,0,2,25,1
paced,351,0,468,220,0,150,579,49.871702,,,,,,,,,0
paced,352,0,406,220,0,150,1589,50.083266,2.682,150,1589,0,0,0,2,25,1
paced,353,0,607,220,0,150,1420,50.086025,,,,,,,,,0
paced,354,0,322,220,0,150,413,50.288540,,,,,,,,,0
paced,355,0,515,220,0,150,190,50.491501,,,,,,,,,0
paced,356,0,580,220,0,150,1684,50.693294,,,,,,,,,0
paced,357,0,274,220,0,150,1330,50.896024,2.504,150,1330,0,1,0,2,25,1
paced,358,0,363,220,0,150,516,50.898586,,,,,,,,,0
paced,359,0,542,220,0,150,-982,51.113865,3.064,150,-982,0,0,0,2,25,1
paced,360,0,440,220,0,150,1500,51.117017,,,,,,,,,0
paced,361,0,260,220,0,150,1487,51.332526,,,,,,,,,0
paced,362,0,174,220,0,150,-1337,51.538096,2.479,150,-1337,0,2,0,2,25,1
paced,363,0,732,220,0,150,1240,51.540624,,,,,,,,,0
paced,364,0,163,220,0,150,413,51.743024,2.600,150,413,0,2,0,2,25,1
paced,365,0,453,220,0,150,940,51.745675,,,,,,,,,0
paced,366,0,289,220,0,150,-1513,51.946739,,,,,,,,,0
paced,367,0,662,220,0,150,-290,52.151208,2.715,150,-290,0,0,0,2,33,1
paced,368,0,736,220,0,150,1479,52.153987,2.762,150,1479,0,0,0,2,33,1
paced,369,0,468,220,0,150,-30,52.156815,,,,,,,,,0
paced,370,0,665,220,0,150,954,52.368905,,,,,,,,,0
paced,371,0,515,220,0,150,1287,52.570484,,,,,,,,,0
paced,372,0,691,220,0,150,-495,52.772879,,,,,,,,,0
paced,373,0,150,220,0,150,-1313,52.974312,,,,,,,,,0
paced,374,0,602,220,0,150,1120,53.175784,,,,,,,,,0
paced,375,0,610,220,0,150,-386,53.379068,,,,,,,,,0
paced,376,0,462,220,0,150,388,53.581785,,,,,,,,,0
paced,377,0,558,220,0,150,-430,53.785698,,,,,,,,,0
paced,378,0,735,220,0,150,196,53.988227,2.733,150,196,0,0,0,2,33,1
paced,379,0,265,220,0,150,832,53.991039,,,,,,,,,0
paced,380,0,536,220,0,150,-254,54.192278,2.676,150,-254,0,0,0,2,33,1
paced,381,0,358,220,0,150,461,54.195000,,,,,,,,,0
paced,382,0,153,220,0,150,-683,54.395770,,,,,,,,,0
paced,383,0,800,220,0,150,630,54.597862,,,,,,,,,0
paced,384,0,673,220,0,150,-1006,54.800486,,,,,,,,,0
paced,385,0,622,220,0,150,641,55.004748,,,,,,,,,0
paced,386,0,679,220,0,150,-145,55.220926,2.619,150,-145,0,0,0,2,33,1
paced,387,0,462,220,0,150,1059,55.223588,,,,,,,,,0
paced,388,0,324,220,0,150,20,55.439012,,,,,,,,,0
paced,389,0,784,220,0,150,919,55.644062,,,,,,,,,0
paced,390,0,693,220,0,150,-1012,55.860021,2.348,150,-1012,0,0,0,2,33,1
paced,391,0,518,220,0,150,335,55.862409,2.545,150,335,0,0,0,2,33,1
paced,392,0,153,220,0,150,959,55.865011,,,,,,,,,0
paced,393,0,548,220,0,150,553,56.077621,,,,,,,,,0
paced,394,0,586,220,0,150,-161,56.280075,,,,,,,,,0
paced,395,0,494,220,0,150,1707,56.481323,2.151,150,1707,0,0,0,2,33,1
paced,396,0,786,220,0,150,573,56.483518,,,,,,,,,0
paced,397,0,219,220,0,150,198,56.698822,,,,,,,,,0
paced,398,0,403,220,0,150,802,56.901135,2.668,150,802,0,0,0,2,33,1
paced,399,0,447,220,0,150,759,56.903844,,,,,,,,,0
paced,400,0,171,220,0,150,-153,57.118778,,,,,,,,,0
paced,401,0,794,220,0,150,-1181,57.333862,,,,,,,,,0
paced,402,0,798,220,0,150,1370,57.535983,3.925,150,1370,0,0,0,2,33,1
paced,403,0,556,220,0,150,1385,57.539997,,,,,,,,,0
paced,404,0,426,220,0,150,1646,57.754785,3.074,150,1646,0,0,0,2,33,1
paced,405,0,332,220,0,150,1323,57.757949,,,,,,,,,0
paced,406,0,225,220,0,150,1519,57.973786,,,,,,,,,0
paced,407,0,769,220,0,150,-1779,58.175144,2.694,150,-1779,0,0,0,2,33,1
paced,408,0,507,220,0,150,-737,58.177922,,,,,,,,,0
paced,409,0,571,220,0,150,1759,58.393110,2.361,150,1759,0,0,0,2,33,1
paced,410,0,707,220,0,150,-577,58.395528,,,,,,,,,0
paced,411,0,305,220,0,150,72,58.612564,3.802,150,72,0,1,0,2,33,1
paced,412,0,415,220,0,150,164,58.616468,,,,,,,,,0
paced,413,0,323,220,0,150,93,58.829388,,,,,,,,,0
paced,414,0,672,220,0,150,-1635,59.032009,,,,,,,,,0
paced,415,0,427,220,0,150,270,59.235156,2.822,150,270,0,0,0,2,33,1
paced,416,0,250,220,0,150,1230,59.238078,2.602,150,1230,0,1,0,2,33,1
paced,417,0,754,220,0,150,-90,59.240745,,,,,,,,,0
paced,418,0,221,220,0,150,-366,59.453455,,,,,,,,,0
paced,419,0,218,220,0,150,870,59.656140,2.548,150,870,0,1,0,2,33,1
paced,420,0,603,220,0,150,-1740,59.658770,,,,,,,,,0
paced,421,0,318,220,0,150,257,59.872637,,,,,,,,,0
paced,422,0,315,220,0,150,1008,60.088042,2.736,150,1008,0,1,0,2,33,1
paced,423,0,245,220,0,150,-174,60.090857,,,,,,,,,0
paced,424,0,432,220,0,150,658,60.305793,3.373,150,658,0,0,0,2,33,1
paced,425,0,461,220,0,150,-965,60.309275,2.664,150,-965,0,0,0,2,33,1
paced,426,0,690,220,0,150,-970,60.311968,,,,,,,,,0
paced,427,0,392,220,0,150,1809,60.523635,,,,,,,,,0
paced,428,0,491,220,0,150,-718,60.727919,,,,,,,,,0
paced,429,0,220,220,0,150,-1514,60.930298,2.180,150,-1514,0,1,0,2,33,1
paced,430,0,685,220,0,150,878,60.932514,,,,,,,,,0
paced,431,0,527,220,0,150,96,61.148621,,,,,,,,,0
paced,432,0,673,220,0,150,464,61.350759,,,,,,,,,0
paced,433,0,200,220,0,150,-1130,61.566371,,,,,,,,,0
paced,434,0,454,220,0,150,854,61.769089,,,,,,,,,0
paced,435,0,719,220,0,150,-716,61.974474,,,,,,,,,0
paced,436,0,514,220,0,150,677,62.178313,2.661,150,677,0,0,0,2,33,1
paced,437,0,387,220,0,150,-213,62.181026,,,,,,,,,0
paced,438,0,724,220,0,150,-183,62.396192,2.157,150,-183,0,0,0,2,33,1
paced,439,0,326,220,0,150,160,62.398384,1.696,150,160,0,1,0,2,33,1
paced,440,0,415,220,0,150,1730,62.400095,,,,,,,,,0
paced,441,0,775,220,0,150,-470,62.613384,,,,,,,,,0
paced,442,0,377,220,0,150,-761,62.829661,,,,,,,,,0
paced,443,0,774,220,0,150,1074,63.031022,2.744,150,1074,0,0,0,2,33,1
paced,444,0,400,220,0,150,1636,63.033848,,,,,,,,,0
paced,445,0,181,220,0,150,1668,63.249241,2.376,150,1668,0,2,0,2,33,1
paced,446,0,787,220,0,150,-171,63.251671,,,,,,,,,0
paced,447,0,474,220,0,150,-52,63.451815,,,,,,,,,0
paced,448,0,404,220,0,150,1397,63.653551,3.808,150,1397,0,0,0,2,33,1
paced,449,0,425,220,0,150,-1043,63.657446,,,,,,,,,0
paced,450,0,224,220,0,150,743,63.872588,,,,,,,,,0
paced,451,0,319,220,0,150,1747,64.076145,,,,,,,,,0
paced,452,0,743,220,0,150,-4,64.279917,,,,,,,,,0
paced,453,0,745,220,0,150,1162,64.495752,,,,,,,,,0
paced,454,0,301,220,0,150,663,64.697541,,,,,,,,,0
paced,455,0,418,220,0,150,61,64.900408,2.199,150,61,0,0,0,2,33,1
paced,456,0,689,220,0,150,-1155,64.902663,,,,,,,,,0
paced,457,0,291,220,0,150,1368,65.119451,,,,,,,,,0
paced,458,0,291,220,0,150,1111,65.321895,,,,,,,,,0
paced,459,0,601,220,0,150,-341,65.524762,,,,,,,,,0
paced,460,0,467,220,0,150,1257,65.727136,3.023,150,1257,0,0,0,2,33,1
paced,461,0,560,220,0,150,-835,65.730233,2.613,150,-835,0,0,0,2,33,1
paced,462,0,268,220,0,150,1121,65.732915,,,,,,,,,0
paced,463,0,361,220,0,150,1122,65.942935,,,,,,,,,0
paced,464,0,462,220,0,150,-1541,66.145586,,,,,,,,,0
paced,465,0,258,220,0,150,-888,66.348383,,,,,,,,,0
paced,466,0,556,220,0,150,-504,66.564310,3.667,150,-504,0,0,0,2,33,1
paced,467,0,654,220,0,150,-1411,66.568057,,,,,,,,,0
paced,468,0,341,220,0,150,-1636,66.780011,2.718,150,-1636,0,1,0,2,33,1
paced,469,0,206,220,0,150,1495,66.782813,,,,,,,,,0
paced,470,0,761,220,0,150,-1725,66.997264,2.039,150,-1725,0,0,0,2,33,1
paced,471,0,371,220,0,150,978,66.999350,,,,,,,,,0
paced,472,0,185,220,0,150,205,67.214357,,,,,,,,,0
paced,473,0,691,220,0,150,1517,67.429365,,,,,,,,,0
paced,474,0,777,220,0,150,-9,67.632891,,,,,,,,,0
paced,475,0,500,220,0,150,895,67.836839,,,,,,,,,0
paced,476,0,431,220,0,150,-1337,68.038098,,,,,,,,,0
paced,477,0,777,220,0,150,1017,68.240468,,,,,,,,,0
paced,478,0,326,220,0,150,-1430,68.442808,,,,,,,,,0
paced,479,0,377,220,0,150,-183,68.645796,,,,,,,,,0
paced,480,0,388,220,0,150,207,68.846658,,,,,,,,,0
paced,481,0,610,220,0,150,-273,69.048418,,,,,,,,,0
paced,482,0,322,220,0,150,-871,69.264830,,,,,,,,,0
paced,483,0,391,220,0,150,1539,69.468234,,,,,,,,,0
paced,484,0,440,220,0,150,74,69.670790,,,,,,,,,0
paced,485,0,710,220,0,150,555,69.874028,,,,,,,,,0
paced,486,0,548,220,0,150,-953,70.076952,,,,,,,,,0
paced,487,0,612,220,0,150,1108,70.278483,,,,,,,,,0
paced,488,0,414,220,0,150,-468,70.482581,,,,,,,,,0
paced,489,0,658,220,0,150,611,70.698876,,,,,,,,,0
paced,490,0,263,220,0,150,-945,70.900542,,,,,,,,,0
paced,491,0,230,220,0,150,-1631,71.102740,,,,,,,,,0
paced,492,0,165,220,0,150,1446,71.306295,1.985,150,1446,0,2,0,2,33,1
paced,493,0,155,220,0,150,1692,71.308313,,,,,,,,,0
paced,494,0,641,220,0,150,-512,71.523904,,,,,,,,,0
paced,495,0,542,220,0,150,1653,71.726663,,,,,,,,,0
paced,496,0,744,220,0,150,-644,71.928616,3.287,150,-644,0,0,0,2,33,1
paced,497,0,350,220,0,150,-182,71.931992,,,,,,,,,0
paced,498,0,313,220,0,150,1784,72.147296,2.053,150,1784,0,1,0,2,33,1
paced,499,0,305,220,0,150,1431,72.149378,1.905,150,1431,0,1,0,2,33,1
paced,500,0,181,220,0,150,-1758,72.151296,1.949,150,-1758,0,2,0,2,33,1
paced,501,0,546,220,0,150,-1226,72.153256,2.233,150,-1226,0,0,0,2,33,1
paced,502,0,705,220,0,150,-1587,72.155519,,,,,,,,,0
paced,503,0,728,220,0,150,-266,72.366936,,,,,,,,,0
paced,504,0,410,220,0,150,-1288,72.569563,,,,,,,,,0
paced,505,0,231,220,0,150,75,72.773597,,,,,,,,,0
paced,506,0,460,220,0,150,-1761,72.977357,,,,,,,,,0
paced,507,0,186,220,0,150,379,73.179525,,,,,,,,,0
paced,508,0,212,220,0,150,330,73.380802,,,,,,,,,0
paced,509,0,282,220,0,150,-1645,73.584064,,,,,,,,,0
paced,510,0,430,220,0,150,1378,73.785701,,,,,,,,,0
paced,511,0,270,220,0,150,-49,73.988583,,,,,,,,,0
paced,512,0,243,220,0,150,-1042,74.191265,2.705,150,-1042,0,1,0,2,33,1
paced,513,0,178,220,0,150,226,74.194046,,,,,,,,,0
paced,514,0,283,220,0,150,1229,74.409111,2.752,150,1229,0,1,0,2,33,1
paced,515,0,435,220,0,150,993,74.411936,,,,,,,,,0
paced,516,0,346,220,0,150,895,74.628088,2.523,150,895,0,1,0,2,33,1
paced,517,0,608,220,0,150,-224,74.630658,,,,,,,,,0
paced,518,0,487,220,0,150,764,74.843633,,,,,,,,,0
paced,519,0,424,220,0,150,-756,75.047591,,,,,,,,,0
paced,520,0,800,220,0,150,-825,75.250691,,,,,,,,,0
paced,521,0,401,220,0,150,-1574,75.452393,,,,,,,,,0
paced,522,0,752,220,0,150,1407,75.654890,,,,,,,,,0
paced,523,0,754,220,0,150,-1103,75.856737,,,,,,,,,0
paced,524,0,508,220,0,150,-65,76.059637,,,,,,,,,0
paced,525,0,769,220,0,150,1039,76.261365,3.017,150,1039,0,0,0,2,33,1
paced,526,0,723,220,0,150,794,76.264449,,,,,,,,,0
paced,527,0,684,220,0,150,-1571,76.479239,2.638,150,-1571,0,0,0,2,33,1
paced,528,0,511,220,0,150,420,76.481942,,,,,,,,,0
paced,529,0,572,220,0,150,384,76.698102,2.916,150,384,0,0,0,2,33,1
paced,530,0,354,220,0,150,1094,76.701099,3.256,150,1094,0,1,0,2,33,1
paced,531,0,699,220,0,150,-83,76.704424,4.001,150,-83,0,0,0,2,33,1
paced,532,0,221,220,0,150,1102,76.708582,,,,,,,,,0
paced,533,0,423,220,0,150,1224,76.915914,,,,,,,,,0
paced,534,0,775,220,0,150,1133,77.120653,,,,,,,,,0
paced,535,0,224,220,0,150,-790,77.322697,,,,,,,,,0
paced,536,0,331,220,0,150,-1425,77.524345,2.327,150,-1425,0,1,0,2,33,1
paced,537,0,304,220,0,150,-1580,77.526715,,,,,,,,,0
paced,538,0,358,220,0,150,1680,77.742968,,,,,,,,,0
paced,539,0,588,220,0,150,1670,77.944178,3.290,150,1670,0,0,0,2,33,1
paced,540,0,195,220,0,150,-1604,77.947535,,,,,,,,,0
paced,541,0,243,220,0,150,1510,78.162788,3.180,150,1510,0,1,0,2,33,1
paced,542,0,675,220,0,150,101,78.166050,,,,,,,,,0
paced,543,0,663,220,0,150,-304,78.367229,2.011,150,-304,0,0,0,2,33,1
paced,544,0,251,220,0,150,-540,78.369281,,,,,,,,,0
paced,545,0,191,220,0,150,-1302,78.584878,,,,,,,,,0
paced,546,0,694,220,0,150,-1685,78.787320,,,,,,,,,0
paced,547,0,603,220,0,150,900,78.990218,,,,,,,,,0
paced,548,0,281,220,0,150,-202,79.192361,,,,,,,,,0
paced,549,0,606,220,0,150,-1720,79.395113,2.584,150,-1720,0,0,0,2,33,1
paced,550,0,687,220,0,150,-715,79.397752,,,,,,,,,0
paced,551,0,242,220,0,150,-796,79.613262,2.642,150,-796,0,1,0,2,33,1
paced,552,0,483,220,0,150,-1469,79.615980,,,,,,,,,0
paced,553,0,459,220,0,150,-1680,79.831370,,,,,,,,,0
paced,554,0,543,220,0,150,-1582,80.034061,2.809,150,-1582,0,0,0,2,33,1
paced,555,0,417,220,0,150,-538,80.036945,3.037,150,-538,0,0,0,2,33,1
paced,556,0,283,220,0,150,-754,80.040054,,,,,,,,,0
paced,557,0,539,220,0,150,1485,80.252505,,,,,,,,,0
paced,558,0,269,220,0,150,1685,80.457367,,,,,,,,,0
paced,559,0,461,220,0,150,-1435,80.663528,,,,,,,,,0
paced,560,0,585,220,0,150,1626,80.866477,,,,,,,,,0
paced,561,0,401,220,0,150,239,81.067740,,,,,,,,,0
paced,562,0,720,220,0,150,-979,81.271709,,,,,,,,,0
paced,563,0,488,220,0,150,-433,81.474069,2.163,150,-433,0,0,0,2,33,1
paced,564,0,671,220,0,150,1389,81.476285,,,,,,,,,0
paced,565,0,550,220,0,150,572,81.691849,,,,,,,,,0
paced,566,0,642,220,0,150,-1392,81.895334,,,,,,,,,0
paced,567,0,282,220,0,150,852,82.097687,,,,,,,,,0
paced,568,0,609,220,0,150,325,82.300138,2.742,150,325,0,0,0,2,33,1
paced,569,0,722,220,0,150,1126,82.302955,,,,,,,,,0
paced,570,0,745,220,0,150,1052,82.518458,,,,,,,,,0
paced,571,0,682,220,0,150,373,82.721950,,,,,,,,,0
paced,572,0,180,220,0,150,1586,82.924147,2.501,150,1586,0,2,0,2,33,1
paced,573,0,448,220,0,150,1224,82.926712,,,,,,,,,0
paced,574,0,310,220,0,150,-1001,83.143106,2.753,150,-1001,0,1,0,2,33,1
paced,575,0,529,220,0,150,-226,83.145907,,,,,,,,,0
paced,576,0,683,220,0,150,-492,83.358378,2.047,150,-492,0,0,0,2,33,1
paced,577,0,249,220,0,150,-143,83.360470,,,,,,,,,0
paced,578,0,503,220,0,150,-1303,83.561791,3.345,150,-1303,0,0,0,2,33,1
paced,579,0,738,220,0,150,-1555,83.565242,2.526,150,-1555,0,0,0,2,33,1
paced,580,0,194,220,0,150,-590,83.567808,,,,,,,,,0
paced,581,0,696,220,0,150,-536,83.780530,,,,,,,,,0
paced,582,0,577,220,0,150,-599,83.983601,,,,,,,,,0
paced,583,0,476,220,0,150,-376,84.184320,2.375,150,-376,0,0,0,2,33,1
paced,584,0,429,220,0,150,-488,84.186751,,,,,,,,,0
paced,585,0,682,220,0,150,232,84.388137,2.113,150,232,0,0,0,2,33,1
paced,586,0,158,220,0,150,335,84.390287,,,,,,,,,0
paced,587,0,274,220,0,150,-1211,84.605713,,,,,,,,,0
paced,588,0,474,220,0,150,1156,84.807604,,,,,,,,,0
paced,589,0,483,220,0,150,1394,85.024464,,,,,,,,,0
paced,590,0,485,220,0,150,527,85.227491,3.701,150,527,0,0,0,2,33,1
paced,591,0,220,220,0,150,30,85.231277,3.499,150,30,0,1,0,2,33,1
paced,592,0,436,220,0,150,144,85.234816,,,,,,,,,0
paced,593,0,615,220,0,150,-329,85.446567,,,,,,,,,0
paced,594,0,539,220,0,150,1520,85.649244,3.213,150,1520,0,0,0,2,33,1
paced,595,0,230,220,0,150,551,85.652531,,,,,,,,,0
paced,596,0,207,220,0,150,-1269,85.867385,3.324,150,-1269,0,1,0,2,33,1
paced,597,0,199,220,0,150,325,85.870781,3.000,150,325,0,2,0,2,33,1
paced,598,0,653,220,0,150,537,85.873845,,,,,,,,,0
paced,599,0,407,220,0,150,1391,86.086591,3.742,150,1391,0,0,0,2,33,1
paced,600,0,401,220,0,150,1059,86.090404,2.097,150,1059,0,0,0,2,33,1
paced,601,0,737,220,0,150,1238,86.092530,,,,,,,,,0
paced,602,0,496,220,0,150,-339,86.306257,2.170,150,-339,0,0,0,2,33,1
paced,603,0,529,220,0,150,-172,86.308458,1.761,150,-172,0,0,0,2,33,1
paced,604,0,464,220,0,150,82,86.310238,,,,,,,,,0
paced,605,0,762,220,0,150,-426,86.524348,2.281,150,-426,0,0,0,2,33,1
paced,606,0,694,220,0,150,258,86.526660,,,,,,,,,0
paced,607,0,321,220,0,150,-1701,86.742266,2.731,150,-1701,0,1,0,2,33,1
paced,608,0,301,220,0,150,-796,86.745074,2.889,150,-796,0,1,0,2,33,1
paced,609,0,376,220,0,150,485,86.748029,,,,,,,,,0
paced,610,0,286,220,0,150,-1359,86.960557,,,,,,,,,0
paced,611,0,339,220,0,150,1318,87.175980,,,,,,,,,0
paced,612,0,570,220,0,150,1161,87.379900,,,,,,,,,0
paced,613,0,784,220,0,150,-1615,87.596590,,,,,,,,,0
paced,614,0,251,220,0,150,415,87.799604,,,,,,,,,0
paced,615,0,422,220,0,150,1107,88.001252,,,,,,,,,0
paced,616,0,259,220,0,150,-984,88.203878,3.406,150,-984,0,1,0,2,33,1
paced,617,0,417,220,0,150,-1547,88.207370,2.393,150,-1547,0,0,0,2,33,1
paced,618,0,797,220,0,150,519,88.209803,,,,,,,,,0
paced,619,0,689,220,0,150,805,88.423429,,,,,,,,,0
paced,620,0,230,220,0,150,1682,88.627571,4.074,150,1682,0,1,0,2,33,1
paced,621,0,224,220,0,150,1433,88.631736,,,,,,,,,0
paced,622,0,372,220,0,150,814,88.845068,3.010,150,814,0,1,0,2,33,1
paced,623,0,327,220,0,150,275,88.848135,2.241,150,275,0,1,0,2,33,1
paced,624,0,592,220,0,150,-1731,88.850402,,,,,,,,,0
paced,625,0,754,220,0,150,-313,89.062452,,,,,,,,,0
paced,626,0,648,220,0,150,1089,89.264680,,,,,,,,,0
paced,627,0,440,220,0,150,-920,89.465309,,,,,,,,,0
paced,628,0,355,220,0,150,629,89.669285,,,,,,,,,0
paced,629,0,655,220,0,150,1725,89.873355,,,,,,,,,0
paced,630,0,390,220,0,150,-78,90.076037,,,,,,,,,0
paced,631,0,613,220,0,150,947,90.277308,2.183,150,947,0,0,0,2,33,1
paced,632,0,525,220,0,150,410,90.279525,,,,,,,,,0
paced,633,0,343,220,0,150,1449,90.493912,,,,,,,,,0
paced,634,0,643,220,0,150,1152,90.698325,2.644,150,1152,0,0,0,2,33,1
paced,635,0,224,220,0,150,1514,90.701017,,,,,,,,,0
paced,636,0,412,220,0,150,-152,90.916067,2.551,150,-152,0,0,0,2,33,1
paced,637,0,356,220,0,150,-1787,90.918686,,,,,,,,,0
paced,638,0,694,220,0,150,1335,91.119960,3.259,150,1335,0,0,0,2,33,1
paced,639,0,539,220,0,150,286,91.123268,,,,,,,,,0
paced,640,0,648,220,0,150,-1508,91.338300,,,,,,,,,0
paced,641,0,563,220,0,150,702,91.541436,,,,,,,,,0
paced,642,0,672,220,0,150,1441,91.743855,,,,,,,,,0
paced,643,0,742,220,0,150,574,91.947301,2.071,150,574,0,0,0,2,33,1
paced,644,0,585,220,0,150,-1656,91.949408,1.766,150,-1656,0,0,0,2,33,1
paced,645,0,510,220,0,150,1666,91.951190,,,,,,,,,0
paced,646,0,619,220,0,150,-1794,92.165243,2.408,150,-1794,0,0,0,2,33,1
paced,647,0,344,220,0,150,-594,92.167693,,,,,,,,,0
paced,648,0,155,220,0,150,395,92.383585,,,,,,,,,0
paced,649,0,272,220,0,150,1546,92.588060,2.063,150,1546,0,1,0,2,33,1
paced,650,0,459,220,0,150,279,92.590154,,,,,,,,,0
paced,651,0,473,220,0,150,1360,92.793000,,,,,,,,,0
paced,652,0,706,220,0,150,822,92.995412,,,,,,,,,0
paced,653,0,735,220,0,150,438,93.197756,,,,,,,,,0
paced,654,0,439,220,0,150,332,93.402206,2.452,150,332,0,0,0,2,33,1
paced,655,0,571,220,0,150,400,93.404716,,,,,,,,,0
paced,656,0,680,220,0,150,-148,93.619729,3.307,150,-148,0,0,0,2,33,1
paced,657,0,767,220,0,150,760,93.623107,2.360,150,760,0,0,0,2,33,1
paced,658,0,745,220,0,150,-560,93.625501,,,,,,,,,0
paced,659,0,613,220,0,150,-584,93.839002,2.339,150,-584,0,0,0,2,33,1
paced,660,0,284,220,0,150,253,93.841377,1.845,150,253,0,1,0,2,33,1
paced,661,0,604,220,0,150,581,93.843245,,,,,,,,,0
paced,662,0,293,220,0,150,432,94.055593,,,,,,,,,0
paced,663,0,316,220,0,150,-785,94.258464,,,,,,,,,0
paced,664,0,159,220,0,150,-83,94.461916,2.667,150,-83,0,2,0,2,33,1
paced,665,0,729,220,0,150,-1672,94.464666,,,,,,,,,0
paced,666,0,527,220,0,150,-97,94.664831,,,,,,,,,0
paced,667,0,561,220,0,150,-667,94.867854,,,,,,,,,0
paced,668,0,168,220,0,150,-1450,95.070050,2.734,150,-1450,0,2,0,2,40,1
paced,669,0,242,220,0,150,1646,95.072829,,,,,,,,,0
paced,670,0,154,220,0,150,-250,95.286132,,,,,,,,,0
paced,671,0,425,220,0,150,82,95.488242,2.949,150,82,0,0,0,2,40,1
paced,672,0,428,220,0,150,1440,95.491263,2.317,150,1440,0,0,0,2,40,1
paced,673,0,531,220,0,150,784,95.493617,,,,,,,,,0
paced,674,0,642,220,0,150,1328,95.704677,,,,,,,,,0
paced,675,0,494,220,0,150,-229,95.906240,2.942,150,-229,0,0,0,2,40,1
paced,676,0,617,220,0,150,1471,95.909254,2.220,150,1471,0,0,0,2,40,1
paced,677,0,269,220,0,150,161,95.911504,,,,,,,,,0
paced,678,0,513,220,0,150,-1228,96.126194,2.693,150,-1228,0,0,0,2,40,1
paced,679,0,575,220,0,150,-1213,96.129010,,,,,,,,,0
paced,680,0,168,220,0,150,-1116,96.342962,2.348,150,-1116,0,2,0,2,40,1
paced,681,0,416,220,0,150,-314,96.345349,2.161,150,-314,0,0,0,2,40,1
paced,682,0,280,220,0,150,594,96.347556,,,,,,,,,0
paced,683,0,444,220,0,150,-129,96.561481,,,,,,,,,0
paced,684,0,414,220,0,150,284,96.764390,,,,,,,,,0
paced,685,0,444,220,0,150,1209,96.968229,2.790,150,1209,0,0,0,2,40,1
paced,686,0,580,220,0,150,1011,96.971071,,,,,,,,,0
paced,687,0,430,220,0,150,-45,97.185180,3.271,150,-45,0,0,0,2,40,1
paced,688,0,493,220,0,150,1362,97.188549,,,,,,,,,0
paced,689,0,647,220,0,150,-938,97.404491,,,,,,,,,0
paced,690,0,653,220,0,150,-174,97.620498,,,,,,,,,0
paced,691,0,585,220,0,150,-1446,97.822972,,,,,,,,,0
paced,692,0,215,220,0,150,-1290,98.024942,,,,,,,,,0
paced,693,0,361,220,0,150,-1208,98.228046,3.844,150,-1208,0,1,0,2,40,1
paced,694,0,384,220,0,150,1170,98.232048,2.586,150,1170,0,1,0,2,40,1
paced,695,0,176,220,0,150,-1398,98.234686,,,,,,,,,0
paced,696,0,409,220,0,150,-1183,98.444795,3.464,150,-1183,0,0,0,2,40,1
paced,697,0,641,220,0,150,1353,98.448366,2.371,150,1353,0,0,0,2,40,1
paced,698,0,251,220,0,150,-186,98.450781,,,,,,,,,0
paced,699,0,341,220,0,150,1597,98.662556,,,,,,,,,0
paced,700,0,153,220,0,150,-1455,98.865462,,,,,,,,,0
paced,701,0,587,220,0,150,686,99.067378,,,,,,,,,0
paced,702,0,202,220,0,150,431,99.271303,2.317,150,431,0,1,0,2,40,1
paced,703,0,373,220,0,150,369,99.273659,,,,,,,,,0
paced,704,0,582,220,0,150,-400,99.487827,,,,,,,,,0
paced,705,0,198,220,0,150,848,99.689673,,,,,,,,,0
paced,706,0,255,220,0,150,1188,99.892890,,,,,,,,,0
paced,707,0,716,220,0,150,961,100.094979,4.274,150,961,0,0,0,2,40,1
paced,708,0,579,220,0,150,1599,100.099363,2.455,150,1599,0,0,0,2,40,1
paced,709,0,271,220,0,150,-734,100.101864,,,,,,,,,0
paced,710,0,435,220,0,150,-1087,100.313348,2.385,150,-1087,0,0,0,2,40,1
paced,711,0,641,220,0,150,1477,100.315779,,,,,,,,,0
paced,712,0,198,220,0,150,1401,100.517573,,,,,,,,,0
paced,713,0,369,220,0,150,952,100.734586,,,,,,,,,0
paced,714,0,239,220,0,150,1728,100.937461,,,,,,,,,0
paced,715,0,549,220,0,150,-1313,101.141202,2.521,150,-1313,0,0,0,2,40,1
paced,716,0,608,220,0,150,-615,101.143937,,,,,,,,,0
paced,717,0,670,220,0,150,219,101.359271,2.113,150,219,0,0,0,2,40,1
paced,718,0,552,220,0,150,-1345,101.361423,2.096,150,-1345,0,0,0,2,40,1
paced,719,0,770,220,0,150,1677,101.363552,,,,,,,,,0
paced,720,0,640,220,0,150,-1387,101.577655,,,,,,,,,0
paced,721,0,302,220,0,150,-238,101.781350,1.963,150,-238,0,1,0,2,40,1
paced,722,0,778,220,0,150,1056,101.783344,,,,,,,,,0
paced,723,0,356,220,0,150,-1136,101.984642,,,,,,,,,0
paced,724,0,683,220,0,150,-765,102.186847,2.872,150,-765,0,0,0,2,40,1
paced,725,0,576,220,0,150,1224,102.189818,,,,,,,,,0
paced,726,0,699,220,0,150,-638,102.404902,,,,,,,,,0
paced,727,0,654,220,0,150,775,102.608380,,,,,,,,,0
paced,728,0,707,220,0,150,-941,102.811887,2.679,150,-941,0,0,0,2,40,1
paced,729,0,788,220,0,150,-440,102.814626,,,,,,,,,0
paced,730,0,647,220,0,150,-1399,103.016717,,,,,,,,,0
paced,731,0,158,220,0,150,1283,103.219050,,,,,,,,,0
paced,732,0,505,220,0,150,1805,103.421307,2.308,150,1805,0,0,0,2,40,1
paced,733,0,423,220,0,150,-1589,103.423655,,,,,,,,,0
paced,734,0,703,220,0,150,741,103.637998,,,,,,,,,0
paced,735,0,600,220,0,150,-592,103.841266,2.091,150,-592,0,0,0,2,40,1
paced,736,0,253,220,0,150,-884,103.843401,,,,,,,,,0
paced,737,0,670,220,0,150,-696,104.044829,3.052,150,-696,0,0,0,2,40,1
paced,738,0,426,220,0,150,1072,104.047956,,,,,,,,,0
paced,739,0,402,220,0,150,-134,104.263629,,,,,,,,,0
paced,740,0,301,220,0,150,-1287,104.468557,,,,,,,,,0
paced,741,0,412,220,0,150,-1021,104.670706,3.182,150,-1021,0,0,0,2,40,1
paced,742,0,567,220,0,150,477,104.673976,,,,,,,,,0
paced,743,0,795,220,0,150,631,104.888313,2.111,150,631,0,0,0,2,40,1
paced,744,0,209,220,0,150,362,104.890474,,,,,,,,,0
paced,745,0,773,220,0,150,266,105.107378,3.552,150,266,0,0,0,2,40,1
paced,746,0,302,220,0,150,-126,105.111026,3.039,150,-126,0,1,0,2,40,1
paced,747,0,426,220,0,150,-674,105.114138,2.505,150,-674,0,0,0,2,40,1
paced,748,0,641,220,0,150,1028,105.116703,,,,,,,,,0
paced,749,0,463,220,0,150,-727,105.325437,,,,,,,,,0
paced,750,0,653,220,0,150,-942,105.529826,2.816,150,-942,0,0,0,2,40,1
paced,751,0,660,220,0,150,-314,105.532709,,,,,,,,,0
paced,752,0,763,220,0,150,107,105.749223,2.408,150,107,0,0,0,2,40,1
paced,753,0,397,220,0,150,-434,105.751687,,,,,,,,,0
paced,754,0,330,220,0,150,661,105.956400,2.274,150,661,0,1,0,2,40,1
paced,755,0,335,220,0,150,1207,105.958724,,,,,,,,,0
paced,756,0,744,220,0,150,1023,106.162828,,,,,,,,,0
paced,757,0,611,220,0,150,370,106.368135,1.997,150,370,0,0,0,2,40,1
paced,758,0,303,220,0,150,-1582,106.370195,1.955,150,-1582,0,1,0,2,40,1
paced,759,0,666,220,0,150,-485,106.372190,,,,,,,,,0
paced,760,0,691,220,0,150,1006,106.575164,,,,,,,,,0
paced,761,0,288,220,0,150,822,106.781162,2.607,150,822,0,1,0,2,40,1
paced,762,0,368,220,0,150,-529,106.783816,,,,,,,,,0
paced,763,0,787,220,0,150,202,106.987635,,,,,,,,,0
paced,764,0,641,220,0,150,-469,107.193432,,,,,,,,,0
paced,765,0,271,220,0,150,-1297,107.399497,,,,,,,,,0
paced,766,0,293,220,0,150,1040,107.605696,,,,,,,,,0
paced,767,0,412,220,0,150,-899,107.810350,2.418,150,-899,0,0,0,2,40,1
paced,768,0,240,220,0,150,782,107.812811,,,,,,,,,0
paced,769,0,701,220,0,150,1575,108.013691,,,,,,,,,0
paced,770,0,201,220,0,150,486,108.216945,,,,,,,,,0
paced,771,0,326,220,0,150,984,108.419679,,,,,,,,,0
paced,772,0,268,220,0,150,-894,108.621144,,,,,,,,,0
paced,773,0,726,220,0,150,-1004,108.824681,,,,,,,,,0
paced,774,0,665,220,0,150,504,109.026369,2.188,150,504,0,0,0,2,40,1
paced,775,0,465,220,0,150,-91,109.028604,,,,,,,,,0
paced,776,0,485,220,0,150,-1803,109.231175,2.753,150,-1803,0,0,0,2,40,1
paced,777,0,170,220,0,150,1545,109.233992,,,,,,,,,0
paced,778,0,462,220,0,150,1547,109.449285,2.545,150,1547,0,0,0,2,40,1
paced,779,0,780,220,0,150,-918,109.451907,,,,,,,,,0
paced,780,0,236,220,0,150,1223,109.667309,,,,,,,,,0
paced,781,0,379,220,0,150,-673,109.870352,,,,,,,,,0
paced,782,0,790,220,0,150,1707,110.072953,,,,,,,,,0
paced,783,0,499,220,0,150,-718,110.277032,,,,,,,,,0
paced,784,0,765,220,0,150,1124,110.479363,1.918,150,1124,0,0,0,2,40,1
paced,785,0,680,220,0,150,-267,110.481316,1.949,150,-267,0,0,0,2,40,1
paced,786,0,173,220,0,150,-1322,110.483286,,,,,,,,,0
paced,787,0,487,220,0,150,-399,110.696525,,,,,,,,,0
paced,788,0,292,220,0,150,-1356,110.899066,,,,,,,,,0
paced,789,0,406,220,0,150,1333,111.101076,,,,,,,,,0
paced,790,0,296,220,0,150,970,111.303207,2.237,150,970,0,1,0,2,40,1
paced,791,0,737,220,0,150,-1652,111.305489,,,,,,,,,0
paced,792,0,505,220,0,150,-1504,111.506910,,,,,,,,,0
paced,793,0,244,220,0,150,1149,111.711449,,,,,,,,,0
paced,794,0,255,220,0,150,-592,111.914790,,,,,,,,,0
paced,795,0,474,220,0,150,-801,112.115791,,,,,,,,,0
paced,796,0,425,220,0,150,349,112.318317,2.482,150,349,0,0,0,2,40,1
paced,797,0,200,220,0,150,-339,112.320848,,,,,,,,,0
paced,798,0,181,220,0,150,-1500,112.522969,,,,,,,,,0
paced,799,0,292,220,0,150,-185,112.725597,,,,,,,,,0
paced,800,0,530,220,0,150,1129,112.927588,,,,,,,,,0
paced,801,0,397,220,0,150,-1436,113.131427,,,,,,,,,0
paced,802,0,486,220,0,150,-700,113.336829,,,,,,,,,0
paced,803,0,158,220,0,150,290,113.541101,3.172,150,290,0,2,0,2,40,1
paced,804,0,479,220,0,150,-1361,113.544315,2.134,150,-1361,0,0,0,2,40,1
paced,805,0,510,220,0,150,1471,113.546495,,,,,,,,,0
paced,806,0,278,220,0,150,662,113.761750,,,,,,,,,0
paced,807,0,427,220,0,150,-161,113.966491,,,,,,,,,0
paced,808,0,243,220,0,150,961,114.167979,,,,,,,,,0
paced,809,0,740,220,0,150,722,114.370451,,,,,,,,,0
paced,810,0,690,220,0,150,127,114.572222,1.980,150,127,0,0,0,2,40,1
paced,811,0,727,220,0,150,-105,114.574239,,,,,,,,,0
paced,812,0,698,220,0,150,-208,114.776959,,,,,,,,,0
paced,813,0,458,220,0,150,-922,114.980545,,,,,,,,,0
paced,814,0,797,220,0,150,-581,115.186168,2.516,150,-581,0,0,0,2,40,1
paced,815,0,712,220,0,150,-1275,115.188733,,,,,,,,,0
paced,816,0,205,220,0,150,637,115.390031,,,,,,,,,0
paced,817,0,670,220,0,150,-1370,115.593740,,,,,,,,,0
paced,818,0,329,220,0,150,-835,115.797655,,,,,,,,,0
paced,819,0,370,220,0,150,-40,115.999735,,,,,,,,,0
paced,820,0,431,220,0,150,416,116.202481,,,,,,,,,0
paced,821,0,170,220,0,150,-795,116.406260,2.217,150,-795,0,2,0,2,40,1
paced,822,0,701,220,0,150,-711,116.408512,,,,,,,,,0
paced,823,0,692,220,0,150,-748,116.623579,,,,,,,,,0
paced,824,0,634,220,0,150,-1304,116.826854,,,,,,,,,0
paced,825,0,562,220,0,150,1083,117.030391,,,,,,,,,0
paced,826,0,256,220,0,150,1231,117.232397,,,,,,,,,0
paced,827,0,532,220,0,150,-1538,117.436182,2.291,150,-1538,0,0,0,2,40,1
paced,828,0,707,220,0,150,-333,117.438514,,,,,,,,,0
paced,829,0,707,220,0,150,455,117.639521,,,,,,,,,0
paced,830,0,669,220,0,150,984,117.844848,,,,,,,,,0
paced,831,0,744,220,0,150,-1696,118.048178,,,,,,,,,0
paced,832,0,783,220,0,150,-558,118.250159,2.750,150,-558,0,0,0,2,40,1
paced,833,0,606,220,0,150,975,118.252950,,,,,,,,,0
paced,834,0,285,220,0,150,-1182,118.466216,2.245,150,-1182,0,1,0,2,40,1
paced,835,0,226,220,0,150,552,118.468515,,,,,,,,,0
paced,836,0,295,220,0,150,951,118.683953,,,,,,,,,0
paced,837,0,371,220,0,150,162,118.886979,,,,,,,,,0
paced,838,0,493,220,0,150,-325,119.090054,,,,,,,,,0
paced,839,0,449,220,0,150,-1166,119.294762,,,,,,,,,0
paced,840,0,309,220,0,150,1657,119.497365,2.858,150,1657,0,1,0,2,47,1
paced,841,0,540,220,0,150,1592,119.500270,2.697,150,1592,0,0,0,2,47,1
paced,842,0,600,220,0,150,-159,119.503019,,,,,,,,,0
paced,843,0,270,220,0,150,641,119.716439,,,,,,,,,0
paced,844,0,298,220,0,150,-716,119.919459,,,,,,,,,0
paced,845,0,452,220,0,150,911,120.121970,,,,,,,,,0
paced,846,0,768,220,0,150,-1787,120.325146,,,,,,,,,0
paced,847,0,700,220,0,150,-1781,120.530383,,,,,,,,,0
paced,848,0,285,220,0,150,-266,120.736313,2.946,150,-266,0,1,0,2,47,1
paced,849,0,725,220,0,150,1795,120.739310,2.283,150,1795,0,0,0,2,47,1
paced,850,0,253,220,0,150,62,120.741907,,,,,,,,,0
paced,851,0,181,220,0,150,1371,120.956907,,,,,,,,,0
paced,852,0,592,220,0,150,631,121.163307,2.304,150,631,0,0,0,2,47,1
paced,853,0,582,220,0,150,-690,121.165655,,,,,,,,,0
paced,854,0,529,220,0,150,-148,121.366392,,,,,,,,,0
paced,855,0,565,220,0,150,661,121.571515,,,,,,,,,0
paced,856,0,623,220,0,150,-1602,121.775890,,,,,,,,,0
paced,857,0,251,220,0,150,108,121.981157,2.286,150,108,0,1,0,2,47,1
paced,858,0,188,220,0,150,826,121.983622,,,,,,,,,0
paced,859,0,150,220,0,150,1506,122.185025,,,,,,,,,0
paced,860,0,193,220,0,150,1586,122.387979,,,,,,,,,0
paced,861,0,263,220,0,150,585,122.592829,,,,,,,,,0
paced,862,0,292,220,0,150,352,122.798854,,,,,,,,,0
paced,863,0,670,220,0,150,1306,123.001189,,,,,,,,,0
paced,864,0,514,220,0,150,437,123.203582,,,,,,,,,0
paced,865,0,427,220,0,150,1386,123.408432,,,,,,,,,0
paced,866,0,731,220,0,150,862,123.612192,2.638,150,862,0,0,0,2,47,1
paced,867,0,514,220,0,150,1465,123.614881,,,,,,,,,0
paced,868,0,635,220,0,150,1537,123.816467,,,,,,,,,0
paced,869,0,401,220,0,150,1490,124.018633,,,,,,,,,0
paced,870,0,786,220,0,150,-838,124.221048,,,,,,,,,0
paced,871,0,258,220,0,150,483,124.422025,,,,,,,,,0
paced,872,0,516,220,0,150,1751,124.626315,2.245,150,1751,0,0,0,2,47,1
paced,873,0,312,220,0,150,-1344,124.628601,,,,,,,,,0
paced,874,0,191,220,0,150,1063,124.830269,2.474,150,1063,0,2,0,2,47,1
paced,875,0,471,220,0,150,-90,124.832785,,,,,,,,,0
paced,876,0,504,220,0,150,-782,125.045650,,,,,,,,,0
paced,877,0,790,220,0,150,1342,125.247983,,,,,,,,,0
paced,878,0,207,220,0,150,707,125.449835,,,,,,,,,0
paced,879,0,595,220,0,150,-121,125.651933,,,,,,,,,0
paced,880,0,535,220,0,150,-351,125.854419,,,,,,,,,0
paced,881,0,450,220,0,150,1268,126.057753,,,,,,,,,0
paced,882,0,499,220,0,150,-14,126.263351,2.498,150,-14,0,0,0,2,54,1
paced,883,0,393,220,0,150,780,126.265894,,,,,,,,,0
paced,884,0,774,220,0,150,305,126.468088,2.402,150,305,0,0,0,2,54,1
paced,885,0,297,220,0,150,-1591,126.470525,,,,,,,,,0
paced,886,0,499,220,0,150,936,126.673156,2.071,150,936,0,0,0,2,54,1
paced,887,0,266,220,0,150,281,126.675268,,,,,,,,,0
paced,888,0,326,220,0,150,404,126.890163,2.321,150,404,0,1,0,2,54,1
paced,889,0,790,220,0,150,176,126.892527,,,,,,,,,0
paced,890,0,499,220,0,150,1282,127.106799,,,,,,,,,0
paced,891,0,274,220,0,150,567,127.310008,2.627,150,567,0,1,0,2,54,1
paced,892,0,172,220,0,150,147,127.312696,,,,,,,,,0
paced,893,0,364,220,0,150,-251,127.527745,,,,,,,,,0
paced,894,0,796,220,0,150,1595,127.731600,,,,,,,,,0
paced,895,0,328,220,0,150,-193,127.934393,2.447,150,-193,0,1,0,2,54,1
paced,896,0,383,220,0,150,-1412,127.936890,,,,,,,,,0
paced,897,0,404,220,0,150,-446,128.139215,,,,,,,,,0
paced,898,0,486,220,0,150,869,128.340740,,,,,,,,,0
paced,899,0,401,220,0,150,1393,128.542231,,,,,,,,,0
paced,900,0,622,220,0,150,1223,128.757235,2.052,150,1223,0,0,0,2,54,1
paced,901,0,632,220,0,150,-307,128.759321,1.800,150,-307,0,0,0,2,54,1
paced,902,0,654,220,0,150,848,128.761148,,,,,,,,,0
paced,903,0,348,220,0,150,-51,128.974155,1.954,150,-51,0,1,0,2,54,1
paced,904,0,601,220,0,150,-187,128.976144,,,,,,,,,0
paced,905,0,705,220,0,150,-1327,129.191573,,,,,,,,,0
paced,906,0,735,220,0,150,179,129.392232,2.255,150,179,0,0,0,2,54,1
paced,907,0,422,220,0,150,1619,129.394521,,,,,,,,,0
paced,908,0,278,220,0,150,-1207,129.609786,,,,,,,,,0
paced,909,0,162,220,0,150,-280,129.815695,,,,,,,,,0
paced,910,0,574,220,0,150,-1374,130.018790,,,,,,,,,0
paced,911,0,176,220,0,150,852,130.221943,2.779,150,852,0,2,0,2,54,1
paced,912,0,226,220,0,150,-1071,130.224762,,,,,,,,,0
paced,913,0,619,220,0,150,1317,130.439575,,,,,,,,,0
paced,914,0,536,220,0,150,912,130.642848,,,,,,,,,0
paced,915,0,664,220,0,150,1448,130.843563,,,,,,,,,0
paced,916,0,445,220,0,150,-1184,131.047450,,,,,,,,,0
paced,917,0,307,220,0,150,328,131.248662,,,,,,,,,0
paced,918,0,258,220,0,150,-778,131.451509,,,,,,,,,0
paced,919,0,169,220,0,150,82,131.654630,,,,,,,,,0
paced,920,0,556,220,0,150,1501,131.857290,2.510,150,1501,0,0,0,2,54,1
paced,921,0,799,220,0,150,1066,131.859852,,,,,,,,,0
paced,922,0,383,220,0,150,382,132.073515,,,,,,,,,0
paced,923,0,550,220,0,150,-1799,132.275891,,,,,,,,,0
paced,924,0,707,220,0,150,1472,132.479290,1.995,150,1472,0,0,0,2,54,1
paced,925,0,405,220,0,150,-88,132.481324,,,,,,,,,0
paced,926,0,312,220,0,150,892,132.681608,,,,,,,,,0
paced,927,0,333,220,0,150,-418,132.884442,,,,,,,,,0
paced,928,0,394,220,0,150,-1509,133.086022,2.509,150,-1509,0,1,0,2,54,1
paced,929,0,699,220,0,150,464,133.088570,,,,,,,,,0
paced,930,0,314,220,0,150,-1101,133.289258,,,,,,,,,0
paced,931,0,534,220,0,150,577,133.493868,2.602,150,577,0,0,0,2,54,1
paced,932,0,172,220,0,150,281,133.496697,,,,,,,,,0
paced,933,0,372,220,0,150,-70,133.697784,,,,,,,,,0
paced,934,0,391,220,0,150,1433,133.903442,,,,,,,,,0
paced,935,0,191,220,0,150,292,134.107796,,,,,,,,,0
paced,936,0,344,220,0,150,1048,134.311277,2.591,150,1048,0,1,0,2,54,1
paced,937,0,666,220,0,150,1008,134.313910,,,,,,,,,0
paced,938,0,776,220,0,150,856,134.529881,,,,,,,,,0
paced,939,0,699,220,0,150,-1504,134.732377,,,,,,,,,0
paced,940,0,403,220,0,150,-190,134.937642,,,,,,,,,0
paced,941,0,626,220,0,150,-1333,135.138517,,,,,,,,,0
paced,942,0,730,220,0,150,817,135.339764,,,,,,,,,0
paced,943,0,199,220,0,150,-235,135.541805,,,,,,,,,0
paced,944,0,241,220,0,150,473,135.743906,,,,,,,,,0
paced,945,0,246,220,0,150,807,135.945669,,,,,,,,,0
paced,946,0,640,220,0,150,-1636,136.148443,,,,,,,,,0
paced,947,0,680,220,0,150,-841,136.354196,,,,,,,,,0
paced,948,0,162,220,0,150,-1735,136.558770,,,,,,,,,0
paced,949,0,469,220,0,150,90,136.761512,,,,,,,,,0
paced,950,0,434,220,0,150,1141,136.964084,2.900,150,1141,0,0,0,2,54,1
paced,951,0,575,220,0,150,-1138,136.967086,,,,,,,,,0
paced,952,0,759,220,0,150,-1275,137.181768,,,,,,,,,0
paced,953,0,725,220,0,150,1078,137.384959,,,,,,,,,0
paced,954,0,475,220,0,150,1336,137.588022,,,,,,,,,0
paced,955,0,697,220,0,150,787,137.792362,2.458,150,787,0,0,0,2,54,1
paced,956,0,609,220,0,150,234,137.794860,,,,,,,,,0
paced,957,0,577,220,0,150,448,138.009985,,,,,,,,,0
paced,958,0,321,220,0,150,1042,138.212643,,,,,,,,,0
paced,959,0,554,220,0,150,1041,138.417057,,,,,,,,,0
paced,960,0,548,220,0,150,1491,138.620993,2.891,150,1491,0,0,0,2,54,1
paced,961,0,355,220,0,150,209,138.623965,,,,,,,,,0
paced,962,0,435,220,0,150,-346,138.840543,,,,,,,,,0
paced,963,0,305,220,0,150,-758,139.042454,,,,,,,,,0
paced,964,0,730,220,0,150,-676,139.245683,,,,,,,,,0
paced,965,0,329,220,0,150,1377,139.447965,,,,,,,,,0
paced,966,0,786,220,0,150,-1478,139.663735,3.198,150,-1478,0,0,0,2,54,1
paced,967,0,519,220,0,150,-444,139.667025,,,,,,,,,0
paced,968,0,296,220,0,150,-762,139.868205,2.638,150,-762,0,1,0,2,54,1
paced,969,0,411,220,0,150,-787,139.870909,,,,,,,,,0
paced,970,0,507,220,0,150,-247,140.085186,3.196,150,-247,0,0,0,2,54,1
paced,971,0,435,220,0,150,496,140.088475,,,,,,,,,0
paced,972,0,628,220,0,150,-1765,140.289297,2.095,150,-1765,0,0,0,2,54,1
paced,973,0,302,220,0,150,-1287,140.291428,,,,,,,,,0
paced,974,0,408,220,0,150,-895,140.506766,,,,,,,,,0
paced,975,0,351,220,0,150,-1532,140.709273,4.085,150,-1532,0,1,0,2,54,1
paced,976,0,743,220,0,150,381,140.713458,,,,,,,,,0
paced,977,0,783,220,0,150,-1008,140.927535,,,,,,,,,0
paced,978,0,706,220,0,150,-62,141.131258,2.043,150,-62,0,0,0,2,54,1
paced,979,0,395,220,0,150,545,141.133346,,,,,,,,,0
paced,980,0,292,220,0,150,448,141.333888,,,,,,,,,0
paced,981,0,621,220,0,150,-218,141.537972,,,,,,,,,0
paced,982,0,350,220,0,150,-1482,141.740438,,,,,,,,,0
paced,983,0,790,220,0,150,-1504,141.942472,,,,,,,,,0
paced,984,0,306,220,0,150,1400,142.145687,,,,,,,,,0
paced,985,0,208,220,0,150,-1697,142.350424,,,,,,,,,0
paced,986,0,565,220,0,150,-253,142.551270,2.885,150,-253,0,0,0,2,61,1
paced,987,0,577,220,0,150,975,142.554213,,,,,,,,,0
paced,988,0,290,220,0,150,600,142.770131,2.361,150,600,0,1,0,2,61,1
paced,989,0,761,220,0,150,-1291,142.772541,,,,,,,,,0
paced,990,0,701,220,0,150,417,142.973144,2.249,150,417,0,0,0,2,61,1
paced,991,0,225,220,0,150,-832,142.975445,,,,,,,,,0
paced,992,0,540,220,0,150,-1249,143.176312,2.623,150,-1249,0,0,0,2,61,1
paced,993,0,442,220,0,150,-991,143.178988,,,,,,,,,0
paced,994,0,556,220,0,150,-359,143.394060,2.316,150,-359,0,0,0,2,61,1
paced,995,0,332,220,0,150,-898,143.396421,1.785,150,-898,0,1,0,2,61,1
paced,996,0,454,220,0,150,1085,143.398220,,,,,,,,,0
paced,997,0,297,220,0,150,-396,143.610844,2.666,150,-396,0,1,0,2,61,1
paced,998,0,653,220,0,150,372,143.613565,,,,,,,,,0
paced,999,0,448,220,0,150,-1458,143.817089,2.390,150,-1458,0,0,0,2,61,1
paced,1000,0,676,220,0,150,1568,143.819547,,,,,,,,,0
sweep,1001,1,0,220,-596,999,999,144.022231,1.987,0,-596,1,2,37,3,61,1
sweep,1002,1,1,220,-965,999,999,144.024254,,,,,,,,,0
sweep,1003,1,2,220,1069,999,999,144.224445,,,,,,,,,0
sweep,1004,1,3,220,78,999,999,144.427539,,,,,,,,,0
sweep,1005,1,4,220,-1731,999,999,144.628926,,,,,,,,,0
sweep,1006,1,5,220,-631,999,999,144.831809,,,,,,,,,0
sweep,1007,1,6,220,1459,999,999,145.034240,,,,,,,,,0
sweep,1008,1,7,220,1498,999,999,145.238729,,,,,,,,,0
sweep,1009,1,8,220,728,999,999,145.441776,,,,,,,,,0
sweep,1010,1,9,220,607,999,999,145.644789,,,,,,,,,0
sweep,1011,1,10,220,-1398,999,999,145.846742,,,,,,,,,0
sweep,1012,1,11,220,699,999,999,146.048434,3.529,0,699,1,2,0,3,61,1
sweep,1013,1,12,220,-294,999,999,146.052048,,,,,,,,,0
sweep,1014,1,13,220,1271,999,999,146.265790,,,,,,,,,0
sweep,1015,1,14,220,-4,999,999,146.482045,,,,,,,,,0
sweep,1016,1,15,220,-776,999,999,146.686304,,,,,,,,,0
sweep,1017,1,16,220,712,999,999,146.889852,,,,,,,,,0
sweep,1018,1,17,220,-1582,999,999,147.092798,,,,,,,,,0
sweep,1019,1,18,220,-1607,999,999,147.294833,2.858,0,-1607,1,2,0,3,61,1
sweep,1020,1,19,220,1573,999,999,147.297751,,,,,,,,,0
sweep,1021,1,20,220,1380,999,999,147.498505,,,,,,,,,0
sweep,1022,1,21,220,-528,999,999,147.702564,3.580,0,-528,1,2,0,3,61,1
sweep,1023,1,22,220,-1166,999,999,147.706275,2.671,0,-1166,1,2,0,3,61,1
sweep,1024,1,23,220,1507,999,999,147.709023,,,,,,,,,0
sweep,1025,1,24,220,-1278,999,999,147.920769,,,,,,,,,0
sweep,1026,1,25,220,757,999,999,148.136615,,,,,,,,,0
sweep,1027,1,26,220,1546,999,999,148.339407,,,,,,,,,0
sweep,1028,1,27,220,-1397,999,999,148.542191,2.193,0,-1397,1,2,0,3,61,1
sweep,1029,1,28,220,-1360,999,999,148.544415,,,,,,,,,0
sweep,1030,1,29,220,1677,999,999,148.747481,,,,,,,,,0
sweep,1031,1,30,220,-38,999,999,148.950937,,,,,,,,,0
sweep,1032,1,31,220,774,999,999,149.152984,2.598,0,774,1,2,0,3,61,1
sweep,1033,1,32,220,582,999,999,149.155651,,,,,,,,,0
sweep,1034,1,33,220,-813,999,999,149.356504,,,,,,,,,0
sweep,1035,1,34,220,1230,999,999,149.560093,3.034,0,1230,1,2,0,3,61,1
sweep,1036,1,35,220,-969,999,999,149.563206,2.581,0,-969,1,2,0,3,61,1
sweep,1037,1,36,220,245,999,999,149.565838,,,,,,,,,0
sweep,1038,1,37,220,259,999,999,149.779020,2.919,0,259,1,2,0,3,61,1
sweep,1039,1,38,220,-195,999,999,149.782030,,,,,,,,,0
sweep,1040,1,39,220,-1323,999,999,149.996712,,,,,,,,,0
sweep,1041,1,40,220,1079,999,999,150.199233,,,,,,,,,0
sweep,1042,1,41,220,-951,999,999,150.404110,,,,,,,,,0
sweep,1043,1,42,220,1535,999,999,150.605163,3.052,0,1535,1,2,0,3,69,1
sweep,1044,1,43,220,-248,999,999,150.608307,2.318,0,-248,1,2,0,3,69,1
sweep,1045,1,44,220,886,999,999,150.610658,3.244,0,886,1,2,0,3,69,1
sweep,1046,1,45,220,299,999,999,150.613958,,,,,,,,,0
sweep,1047,1,46,220,-1272,999,999,150.823688,3.574,0,-1272,1,2,0,3,69,1
sweep,1048,1,47,220,1513,999,999,150.827342,3.087,0,1513,1,2,0,3,69,1
sweep,1049,1,48,220,1113,999,999,150.830506,,,,,,,,,0
sweep,1050,1,49,220,548,999,999,151.041054,,,,,,,,,0
sweep,1051,1,50,220,-778,999,999,151.244253,2.748,0,-778,1,2,0,3,69,1
sweep,1052,1,51,220,1149,999,999,151.247059,,,,,,,,,0
sweep,1053,1,52,220,-1806,999,999,151.447657,,,,,,,,,0
sweep,1054,1,53,220,1119,999,999,151.650255,2.678,0,1119,1,2,0,3,69,1
sweep,1055,1,54,220,-1325,999,999,151.653012,3.009,0,-1325,1,2,0,3,69,1
sweep,1056,1,55,220,1492,999,999,151.656088,,,,,,,,,0
sweep,1057,1,56,220,-995,999,999,151.869931,4.320,0,-995,1,2,0,3,69,1
sweep,1058,1,57,220,1306,999,999,151.874341,,,,,,,,,0
sweep,1059,1,58,220,484,999,999,152.086100,2.537,0,484,1,2,0,3,76,1
sweep,1060,1,59,220,-272,999,999,152.088680,,,,,,,,,0
sweep,1061,1,60,220,895,999,999,152.304470,,,,,,,,,0
sweep,1062,1,61,220,154,999,999,152.508657,,,,,,,,,0
sweep,1063,1,62,220,412,999,999,152.712278,2.565,0,412,1,2,0,3,76,1
sweep,1064,1,63,220,693,999,999,152.714917,,,,,,,,,0
sweep,1065,1,64,220,-876,999,999,152.930025,2.585,0,-876,1,2,0,3,76,1
sweep,1066,1,65,220,-724,999,999,152.932687,,,,,,,,,0
sweep,1067,1,66,220,-1666,999,999,153.133194,2.573,0,-1666,1,2,0,3,76,1
sweep,1068,1,67,220,795,999,999,153.135810,,,,,,,,,0
sweep,1069,1,68,220,-1133,999,999,153.350100,2.114,0,-1133,1,2,0,3,76,1
sweep,1070,1,69,220,930,999,999,153.352244,1.957,0,930,1,2,0,3,76,1
sweep,1071,1,70,220,926,999,999,153.354232,,,,,,,,,0
sweep,1072,1,71,220,450,999,999,153.567604,,,,,,,,,0
sweep,1073,1,72,220,239,999,999,153.770661,3.045,0,239,1,2,0,3,76,1
sweep,1074,1,73,220,-866,999,999,153.773774,,,,,,,,,0
sweep,1075,1,74,220,1683,999,999,153.988406,,,,,,,,,0
sweep,1076,1,75,220,-139,999,999,154.190157,,,,,,,,,0
sweep,1077,1,76,220,-699,999,999,154.393062,,,,,,,,,0
sweep,1078,1,77,220,1329,999,999,154.596228,,,,,,,,,0
sweep,1079,1,78,220,890,999,999,154.798003,2.577,0,890,1,2,0,3,76,1
sweep,1080,1,79,220,-95,999,999,154.800663,,,,,,,,,0
sweep,1081,1,80,220,-188,999,999,155.016200,2.434,0,-188,1,2,0,3,76,1
sweep,1082,1,81,220,-706,999,999,155.018705,,,,,,,,,0
sweep,1083,1,82,220,203,999,999,155.233285,2.368,0,203,1,2,0,3,76,1
sweep,1084,1,83,220,-1420,999,999,155.235699,,,,,,,,,0
sweep,1085,1,84,220,921,999,999,155.437938,,,,,,,,,0
sweep,1086,1,85,220,1583,999,999,155.639132,2.626,0,1583,1,2,0,3,76,1
sweep,1087,1,86,220,1595,999,999,155.641822,,,,,,,,,0
sweep,1088,1,87,220,-1290,999,999,155.856916,2.839,0,-1290,1,2,0,3,76,1
sweep,1089,1,88,220,-1056,999,999,155.859837,,,,,,,,,0
sweep,1090,1,89,220,471,999,999,156.075194,2.669,0,471,1,2,0,3,76,1
sweep,1091,1,90,220,-1755,999,999,156.077934,3.051,0,-1755,1,2,0,3,76,1
sweep,1092,1,91,220,39,999,999,156.081063,,,,,,,,,0
sweep,1093,1,92,220,1267,999,999,156.293013,,,,,,,,,0
sweep,1094,1,93,220,-1637,999,999,156.494717,2.687,0,-1637,1,2,0,3,76,1
sweep,1095,1,94,220,180,999,999,156.497452,,,,,,,,,0
sweep,1096,1,95,220,-943,999,999,156.697953,,,,,,,,,0
sweep,1097,1,96,220,-207,999,999,156.901191,2.296,0,-207,1,2,0,3,76,1
sweep,1098,1,97,220,1550,999,999,156.903532,,,,,,,,,0
sweep,1099,1,98,220,1170,999,999,157.116826,2.869,0,1170,1,2,0,3,76,1
sweep,1100,1,99,220,386,999,999,157.119728,,,,,,,,,0
sweep,1101,1,100,220,1548,999,999,157.335217,2.276,0,1548,1,2,0,3,76,1
sweep,1102,1,101,220,-443,999,999,157.337524,,,,,,,,,0
sweep,1103,1,102,220,-823,999,999,157.553168,3.360,0,-823,1,2,0,3,76,1
sweep,1104,1,103,220,-1435,999,999,157.556566,,,,,,,,,0
sweep,1105,1,104,220,-1505,999,999,157.772058,2.760,0,-1505,1,2,0,3,76,1
sweep,1106,1,105,220,957,999,999,157.774874,,,,,,,,,0
sweep,1107,1,106,220,1236,999,999,157.990256,2.670,0,1236,1,2,0,3,76,1
sweep,1108,1,107,220,-1646,999,999,157.992981,,,,,,,,,0
sweep,1109,1,108,220,1646,999,999,158.207475,,,,,,,,,0
sweep,1110,1,109,220,-89,999,999,158.411317,2.291,0,-89,1,2,0,3,76,1
sweep,1111,1,110,220,1595,999,999,158.413645,,,,,,,,,0
sweep,1112,1,111,220,-11,999,999,158.616000,2.890,0,-11,1,2,0,3,76,1
sweep,1113,1,112,220,-1047,999,999,158.618930,,,,,,,,,0
sweep,1114,1,113,220,-1111,999,999,158.835050,3.323,0,-1111,1,2,0,3,82,1
sweep,1115,1,114,220,618,999,999,158.838416,,,,,,,,,0
sweep,1116,1,115,220,236,999,999,159.039044,,,,,,,,,0
sweep,1117,1,116,220,-1042,999,999,159.243830,2.516,0,-1042,1,2,0,3,82,1
sweep,1118,1,117,220,1650,999,999,159.246383,1.822,0,1650,1,2,0,3,82,1
sweep,1119,1,118,220,267,999,999,159.248223,,,,,,,,,0
sweep,1120,1,119,220,-244,999,999,159.461670,,,,,,,,,0
sweep,1121,1,120,220,317,999,999,159.677362,2.350,0,317,1,2,0,3,82,1
sweep,1122,1,121,220,-344,999,999,159.679754,,,,,,,,,0
sweep,1123,1,122,220,-1013,999,999,159.894409,,,,,,,,,0
sweep,1124,1,123,220,-867,999,999,160.109818,,,,,,,,,0
sweep,1125,1,124,220,-347,999,999,160.310945,2.519,0,-347,1,2,0,3,82,1
