step,t_ns,elapsed_s,n_up,n_down,bytes_up,bytes_down,iat_med_up_ms,iat_p90_up_ms,iat_max_up_ms,iat_mad_up_ms,burst_up,iat_med_down_ms,iat_p90_down_ms,iat_max_down_ms,iat_mad_down_ms,burst_down,updown_ratio,pair_n,pair_med_ms,pair_min_ms,pair_max_ms,q_up_ms,q_down_ms,q_pair_ms,q_hat_ms,q_min_ms,baseline_done,degraded,t_det_meta_ns
1,1790092828301100032,0.1,1,0,32,0,,,,,0,,,,,0,,0,,,,,,,,,0,0,
2,1790092828401100032,0.2,1,0,32,0,,,,,0,,,,,0,,0,,,,,,,,,0,0,
3,1790092828501100032,0.3,1,0,32,0,,,,,0,,,,,0,,0,,,,,,,,,0,0,
4,1790092828601100032,0.4,1,0,32,0,,,,,0,,,,,0,,0,,,,,,,,,0,0,
5,1790092828701100032,0.5,1,0,32,0,,,,,0,,,,,0,,0,,,,,,,,,0,0,
6,1790092828801100032,0.6,1,0,32,0,,,,,0,,,,,0,,0,,,,,,,,,0,0,
7,1790092828901100032,0.7,1,0,32,0,,,,,0,,,,,0,,0,,,,,,,,,0,0,
8,1790092829001100032,0.8,1,0,32,0,,,,,0,,,,,0,,0,,,,,,,,,0,0,
9,1790092829101100032,0.9,1,0,32,0,,,,,0,,,,,0,,0,,,,,,,,,0,0,
10,1790092829201100032,1.0,1,0,32,0,,,,,0,,,,,0,,0,,,,,,,,,0,0,
11,1790092829301100032,1.1,0,0,0,0,,,,,0,,,,,0,,0,,,,,,,,,0,0,
12,1790092829401100032,1.2,0,0,0,0,,,,,0,,,,,0,,0,,,,,,,,,0,0,
13,1790092829501100032,1.3,0,0,0,0,,,,,0,,,,,0,,0,,,,,,,,,0,0,
14,1790092829601100032,1.4,0,0,0,0,,,,,0,,,,,0,,0,,,,,,,,,0,0,
15,1790092829701100032,1.5,0,0,0,0,,,,,0,,,,,0,,0,,,,,,,,,0,0,
16,1790092829801100032,1.6,0,0,0,0,,,,,0,,,,,0,,0,,,,,,,,,0,0,
17,1790092829901100032,1.7,0,0,0,0,,,,,0,,,,,0,,0,,,,,,,,,0,0,
18,1790092830001100032,1.8,0,0,0,0,,,,,0,,,,,0,,0,,,,,,,,,0,0,
19,1790092830101100032,1.9,0,0,0,0,,,,,0,,,,,0,,0,,,,,,,,,0,0,
20,1790092830201100032,2.0,0,0,0,0,,,,,0,,,,,0,,0,,,,,,,,,0,0,
21,1790092830301100032,2.1,0,0,0,0,,,,,0,,,,,0,,0,,,,,,,,,0,0,
22,1790092830401100032,2.2,0,0,0,0,,,,,0,,,,,0,,0,,,,,,,,,0,0,
23,1790092830501100032,2.3,0,0,0,0,,,,,0,,,,,0,,0,,,,,,,,,0,0,
24,1790092830601100032,2.4,0,0,0,0,,,,,0,,,,,0,,0,,,,,,,,,0,0,
25,1790092830701100032,2.5,0,0,0,0,,,,,0,,,,,0,,0,,,,,,,,,0,0,
26,1790092830801100032,2.6,0,0,0,0,,,,,0,,,,,0,,0,,,,,,,,,0,0,
27,1790092830901100032,2.7,0,0,0,0,,,,,0,,,,,0,,0,,,,,,,,,0,0,
28,1790092831001100032,2.8,0,0,0,0,,,,,0,,,,,0,,0,,,,,,,,,0,0,
29,1790092831101100032,2.9,0,0,0,0,,,,,0,,,,,0,,0,,,,,,,,,0,0,
30,1790092831201100032,3.0,0,0,0,0,,,,,0,,,,,0,,0,,,,,,,,,0,0,
31,1790092831301100032,3.1,0,0,0,0,,,,,0,,,,,0,,0,,,,,,,,,0,0,
32,1790092831401100032,3.2,0,0,0,0,,,,,0,,,,,0,,0,,,,,,,,,0,0,
33,1790092831501100032,3.3,0,0,0,0,,,,,0,,,,,0,,0,,,,,,,,,0,0,
34,1790092831601100032,3.4,0,0,0,0,,,,,0,,,,,0,,0,,,,,,,,,0,0,
35,1790092831701100032,3.5,0,0,0,0,,,,,0,,,,,0,,0,,,,,,,,,0,0,
36,1790092831801100032,3.6,0,0,0,0,,,,,0,,,,,0,,0,,,,,,,,,0,0,
37,1790092831901100032,3.7,0,0,0,0,,,,,0,,,,,0,,0,,,,,,,,,0,0,
38,1790092832001100032,3.8,0,0,0,0,,,,,0,,,,,0,,0,,,,,,,,,0,0,
39,1790092832101100032,3.9,0,0,0,0,,,,,0,,,,,0,,0,,,,,,,,,0,0,
40,1790092832201100032,4.0,0,0,0,0,,,,,0,,,,,0,,0,,,,,,,,,0,0,
41,1790092832301100032,4.1,0,0,0,0,,,,,0,,,,,0,,0,,,,,,,,,0,0,
42,1790092832401100032,4.2,0,0,0,0,,,,,0,,,,,0,,0,,,,,,,,,0,0,
43,1790092832501100032,4.3,0,0,0,0,,,,,0,,,,,0,,0,,,,,,,,,0,0,
44,1790092832601100032,4.4,0,0,0,0,,,,,0,,,,,0,,0,,,,,,,,,0,0,
45,1790092832701100032,4.5,0,0,0,0,,,,,0,,,,,0,,0,,,,,,,,,0,0,
46,1790092832801100032,4.6,0,0,0,0,,,,,0,,,,,0,,0,,,,,,,,,0,0,
47,1790092832901100032,4.7,0,0,0,0,,,,,0,,,,,0,,0,,,,,,,,,0,0,
48,1790092833001100032,4.8,0,0,0,0,,,,,0,,,,,0,,0,,,,,,,,,0,0,
49,1790092833101100032,4.9,0,0,0,0,,,,,0,,,,,0,,0,,,,,,,,,0,0,
50,1790092833201100032,5.0,0,0,0,0,,,,,0,,,,,0,,0,,,,,,,,,0,0,
51,1790092833301100032,5.1,0,0,0,0,,,,,0,,,,,0,,0,,,,,,,,,0,0,
52,1790092833401100032,5.2,0,0,0,0,,,,,0,,,,,0,,0,,,,,,,,,0,0,
53,1790092833501100032,5.3,0,0,0,0,,,,,0,,,,,0,,0,,,,,,,,,0,0,
54,1790092833601100032,5.4,0,0,0,0,,,,,0,,,,,0,,0,,,,,,,,,0,0,
55,1790092833701100032,5.5,0,0,0,0,,,,,0,,,,,0,,0,,,,,,,,,0,0,
56,1790092833801100032,5.6,0,0,0,0,,,,,0,,,,,0,,0,,,,,,,,,0,0,
57,1790092833901100032,5.7,0,0,0,0,,,,,0,,,,,0,,0,,,,,,,,,0,0,
58,1790092834001100032,5.8,0,0,0,0,,,,,0,,,,,0,,0,,,,,,,,,0,0,
59,1790092834101100032,5.9,0,0,0,0,,,,,0,,,,,0,,0,,,,,,,,,0,0,
60,1790092834201100032,6.0,0,0,0,0,,,,,0,,,,,0,,0,,,,,,,,,0,0,
61,1790092834301100032,6.1,0,0,0,0,,,,,0,,,,,0,,0,,,,,,,,,0,0,
62,1790092834401100032,6.2,0,0,0,0,,,,,0,,,,,0,,0,,,,,,,,,0,0,
63,1790092834501100032,6.3,0,0,0,0,,,,,0,,,,,0,,0,,,,,,,,,0,0,
64,1790092834601100032,6.4,0,0,0,0,,,,,0,,,,,0,,0,,,,,,,,,0,0,
65,1790092834701100032,6.5,0,0,0,0,,,,,0,,,,,0,,0,,,,,,,,,0,0,
66,1790092834801100032,6.6,0,0,0,0,,,,,0,,,,,0,,0,,,,,,,,,0,0,
67,1790092834901100032,6.7,0,0,0,0,,,,,0,,,,,0,,0,,,,,,,,,0,0,
68,1790092835001100032,6.8,0,0,0,0,,,,,0,,,,,0,,0,,,,,,,,,0,0,
69,1790092835101100032,6.9,0,0,0,0,,,,,0,,,,,0,,0,,,,,,,,,0,0,
70,1790092835201100032,7.0,0,0,0,0,,,,,0,,,,,0,,0,,,,,,,,,0,0,
71,1790092835301100032,7.1,0,0,0,0,,,,,0,,,,,0,,0,,,,,,,,,0,0,
72,1790092835401100032,7.2,0,0,0,0,,,,,0,,,,,0,,0,,,,,,,,,0,0,
73,1790092835501100032,7.3,0,0,0,0,,,,,0,,,,,0,,0,,,,,,,,,0,0,
74,1790092835601100032,7.4,0,0,0,0,,,,,0,,,,,0,,0,,,,,,,,,0,0,
75,1790092835701100032,7.5,0,0,0,0,,,,,0,,,,,0,,0,,,,,,,,,0,0,
76,1790092835801100032,7.6,0,0,0,0,,,,,0,,,,,0,,0,,,,,,,,,0,0,
77,1790092835901100032,7.7,0,0,0,0,,,,,0,,,,,0,,0,,,,,,,,,0,0,
78,1790092836001100032,7.8,0,0,0,0,,,,,0,,,,,0,,0,,,,,,,,,0,0,
79,1790092836101100032,7.9,0,0,0,0,,,,,0,,,,,0,,0,,,,,,,,,0,0,
80,1790092836201100032,8.0,0,0,0,0,,,,,0,,,,,0,,0,,,,,,,,,0,0,
81,1790092836301100032,8.1,0,0,0,0,,,,,0,,,,,0,,0,,,,,,,,,0,0,
82,1790092836401100032,8.2,0,0,0,0,,,,,0,,,,,0,,0,,,,,,,,,0,0,
83,1790092836501100032,8.3,0,0,0,0,,,,,0,,,,,0,,0,,,,,,,,,0,0,
84,1790092836601100032,8.4,0,0,0,0,,,,,0,,,,,0,,0,,,,,,,,,0,0,
85,1790092836701100032,8.5,0,0,0,0,,,,,0,,,,,0,,0,,,,,,,,,0,0,
86,1790092836801100032,8.6,0,0,0,0,,,,,0,,,,,0,,0,,,,,,,,,0,0,
87,1790092836901100032,8.7,0,0,0,0,,,,,0,,,,,0,,0,,,,,,,,,0,0,
88,1790092837001100032,8.8,0,0,0,0,,,,,0,,,,,0,,0,,,,,,,,,0,0,
89,1790092837101100032,8.9,0,0,0,0,,,,,0,,,,,0,,0,,,,,,,,,0,0,
90,1790092837201100032,9.0,0,0,0,0,,,,,0,,,,,0,,0,,,,,,,,,0,0,
91,1790092837301100032,9.1,0,0,0,0,,,,,0,,,,,0,,0,,,,,,,,,0,0,
92,1790092837401100032,9.2,0,0,0,0,,,,,0,,,,,0,,0,,,,,,,,,0,0,
93,1790092837501100032,9.3,0,0,0,0,,,,,0,,,,,0,,0,,,,,,,,,0,0,
94,1790092837601100032,9.4,0,0,0,0,,,,,0,,,,,0,,0,,,,,,,,,0,0,
95,1790092837701100032,9.5,0,0,0,0,,,,,0,,,,,0,,0,,,,,,,,,0,0,
96,1790092837801100032,9.6,0,0,0,0,,,,,0,,,,,0,,0,,,,,,,,,0,0,
97,1790092837901100032,9.7,0,0,0,0,,,,,0,,,,,0,,0,,,,,,,,,0,0,
98,1790092838001100032,9.8,0,0,0,0,,,,,0,,,,,0,,0,,,,,,,,,0,0,
99,1790092838101100032,9.9,0,0,0,0,,,,,0,,,,,0,,0,,,,,,,,,0,0,
100,1790092838201100032,10.0,0,0,0,0,,,,,0,,,,,0,,0,,,,,,,,,0,0,
101,1790092838301100032,10.1,0,0,0,0,,,,,0,,,,,0,,0,,,,,,,,,0,0,
102,1790092838401100032,10.2,0,0,0,0,,,,,0,,,,,0,,0,,,,,,,,,0,0,
103,1790092838501100032,10.3,0,0,0,0,,,,,0,,,,,0,,0,,,,,,,,,0,0,
104,1790092838601100032,10.4,0,0,0,0,,,,,0,,,,,0,,0,,,,,,,,,0,0,
105,1790092838701100032,10.5,0,0,0,0,,,,,0,,,,,0,,0,,,,,,,,,0,0,
106,1790092838801100032,10.6,0,0,0,0,,,,,0,,,,,0,,0,,,,,,,,,0,0,
107,1790092838901100032,10.7,0,0,0,0,,,,,0,,,,,0,,0,,,,,,,,,0,0,
108,1790092839001100032,10.8,0,0,0,0,,,,,0,,,,,0,,0,,,,,,,,,0,0,
109,1790092839101100032,10.9,0,0,0,0,,,,,0,,,,,0,,0,,,,,,,,,0,0,
110,1790092839201100032,11.0,0,0,0,0,,,,,0,,,,,0,,0,,,,,,,,,0,0,
111,1790092839301100032,11.1,0,0,0,0,,,,,0,,,,,0,,0,,,,,,,,,0,0,
112,1790092839401100032,11.2,0,0,0,0,,,,,0,,,,,0,,0,,,,,,,,,0,0,
113,1790092839501100032,11.3,0,0,0,0,,,,,0,,,,,0,,0,,,,,,,,,0,0,
114,1790092839601100032,11.4,0,0,0,0,,,,,0,,,,,0,,0,,,,,,,,,0,0,
115,1790092839701100032,11.5,0,0,0,0,,,,,0,,,,,0,,0,,,,,,,,,0,0,
116,1790092839801100032,11.6,0,0,0,0,,,,,0,,,,,0,,0,,,,,,,,,0,0,
117,1790092839901100032,11.7,0,0,0,0,,,,,0,,,,,0,,0,,,,,,,,,0,0,
118,1790092840001100032,11.8,0,0,0,0,,,,,0,,,,,0,,0,,,,,,,,,0,0,
119,1790092840101100032,11.9,0,0,0,0,,,,,0,,,,,0,,0,,,,,,,,,0,0,
120,1790092840201100032,12.0,0,0,0,0,,,,,0,,,,,0,,0,,,,,,,,,0,0,
121,1790092840301100032,12.1,0,0,0,0,,,,,0,,,,,0,,0,,,,,,,,,0,0,
122,1790092840401100032,12.2,0,0,0,0,,,,,0,,,,,0,,0,,,,,,,,,0,0,
123,1790092840501100032,12.3,0,0,0,0,,,,,0,,,,,0,,0,,,,,,,,,0,0,
124,1790092840601100032,12.4,0,0,0,0,,,,,0,,,,,0,,0,,,,,,,,,0,0,
125,1790092840701100032,12.5,0,0,0,0,,,,,0,,,,,0,,0,,,,,,,,,0,0,
126,1790092840801100032,12.6,0,0,0,0,,,,,0,,,,,0,,0,,,,,,,,,0,0,
127,1790092840901100032,12.7,0,0,0,0,,,,,0,,,,,0,,0,,,,,,,,,0,0,
128,1790092841001100032,12.8,0,0,0,0,,,,,0,,,,,0,,0,,,,,,,,,0,0,
129,1790092841101100032,12.9,0,0,0,0,,,,,0,,,,,0,,0,,,,,,,,,0,0,
130,1790092841201100032,13.0,0,0,0,0,,,,,0,,,,,0,,0,,,,,,,,,0,0,
131,1790092841301100032,13.1,0,0,0,0,,,,,0,,,,,0,,0,,,,,,,,,0,0,
132,1790092841401100032,13.2,0,0,0,0,,,,,0,,,,,0,,0,,,,,,,,,0,0,
133,1790092841501100032,13.3,0,0,0,0,,,,,0,,,,,0,,0,,,,,,,,,0,0,
134,1790092841601100032,13.4,0,0,0,0,,,,,0,,,,,0,,0,,,,,,,,,0,0,
135,1790092841701100032,13.5,0,0,0,0,,,,,0,,,,,0,,0,,,,,,,,,0,0,
136,1790092841801100032,13.6,0,0,0,0,,,,,0,,,,,0,,0,,,,,,,,,0,0,
137,1790092841901100032,13.7,0,0,0,0,,,,,0,,,,,0,,0,,,,,,,,,0,0,
138,1790092842001100032,13.8,0,0,0,0,,,,,0,,,,,0,,0,,,,,,,,,0,0,
139,1790092842101100032,13.9,0,0,0,0,,,,,0,,,,,0,,0,,,,,,,,,0,0,
140,1790092842201100032,14.0,0,0,0,0,,,,,0,,,,,0,,0,,,,,,,,,0,0,
141,1790092842301100032,14.1,0,0,0,0,,,,,0,,,,,0,,0,,,,,,,,,0,0,
142,1790092842401100032,14.2,0,0,0,0,,,,,0,,,,,0,,0,,,,,,,,,0,0,
143,1790092842501100032,14.3,0,0,0,0,,,,,0,,,,,0,,0,,,,,,,,,0,0,
144,1790092842601100032,14.4,0,0,0,0,,,,,0,,,,,0,,0,,,,,,,,,0,0,
145,1790092842701100032,14.5,0,0,0,0,,,,,0,,,,,0,,0,,,,,,,,,0,0,
146,1790092842801100032,14.6,0,0,0,0,,,,,0,,,,,0,,0,,,,,,,,,0,0,
147,1790092842901100032,14.7,0,0,0,0,,,,,0,,,,,0,,0,,,,,,,,,0,0,
148,1790092843001100032,14.8,0,0,0,0,,,,,0,,,,,0,,0,,,,,,,,,0,0,
149,1790092843101100032,14.9,0,0,0,0,,,,,0,,,,,0,,0,,,,,,,,,0,0,
150,1790092843201100032,15.0,0,0,0,0,,,,,0,,,,,0,,0,,,,,,,,,0,0,
151,1790092843301100032,15.1,0,0,0,0,,,,,0,,,,,0,,0,,,,,,,,,0,0,
152,1790092843401100032,15.2,0,0,0,0,,,,,0,,,,,0,,0,,,,,,,,,0,0,
153,1790092843501100032,15.3,0,0,0,0,,,,,0,,,,,0,,0,,,,,,,,,0,0,
154,1790092843601100032,15.4,0,0,0,0,,,,,0,,,,,0,,0,,,,,,,,,0,0,
155,1790092843701100032,15.5,0,0,0,0,,,,,0,,,,,0,,0,,,,,,,,,0,0,
156,1790092843801100032,15.6,0,0,0,0,,,,,0,,,,,0,,0,,,,,,,,,0,0,
157,1790092843901100032,15.7,0,0,0,0,,,,,0,,,,,0,,0,,,,,,,,,0,0,
158,1790092844001100032,15.8,0,0,0,0,,,,,0,,,,,0,,0,,,,,,,,,0,0,
159,1790092844101100032,15.9,0,0,0,0,,,,,0,,,,,0,,0,,,,,,,,,0,0,
160,1790092844201100032,16.0,0,0,0,0,,,,,0,,,,,0,,0,,,,,,,,,0,0,
161,1790092844301100032,16.1,0,0,0,0,,,,,0,,,,,0,,0,,,,,,,,,0,0,
162,1790092844401100032,16.2,0,0,0,0,,,,,0,,,,,0,,0,,,,,,,,,0,0,
163,1790092844501100032,16.3,0,0,0,0,,,,,0,,,,,0,,0,,,,,,,,,0,0,
164,1790092844601100032,16.4,0,0,0,0,,,,,0,,,,,0,,0,,,,,,,,,0,0,
165,1790092844701100032,16.5,0,0,0,0,,,,,0,,,,,0,,0,,,,,,,,,0,0,
166,1790092844801100032,16.6,0,0,0,0,,,,,0,,,,,0,,0,,,,,,,,,0,0,
167,1790092844901100032,16.7,0,0,0,0,,,,,0,,,,,0,,0,,,,,,,,,0,0,
168,1790092845001100032,16.8,0,0,0,0,,,,,0,,,,,0,,0,,,,,,,,,0,0,
169,1790092845101100032,16.9,0,0,0,0,,,,,0,,,,,0,,0,,,,,,,,,0,0,
170,1790092845201100032,17.0,0,0,0,0,,,,,0,,,,,0,,0,,,,,,,,,0,0,
171,1790092845301100032,17.1,0,0,0,0,,,,,0,,,,,0,,0,,,,,,,,,0,0,
172,1790092845401100032,17.2,0,0,0,0,,,,,0,,,,,0,,0,,,,,,,,,0,0,
173,1790092845501100032,17.3,0,0,0,0,,,,,0,,,,,0,,0,,,,,,,,,0,0,
174,1790092845601100032,17.4,0,0,0,0,,,,,0,,,,,0,,0,,,,,,,,,0,0,
175,1790092845701100032,17.5,0,0,0,0,,,,,0,,,,,0,,0,,,,,,,,,0,0,
176,1790092845801100032,17.6,0,0,0,0,,,,,0,,,,,0,,0,,,,,,,,,0,0,
177,1790092845901100032,17.7,0,0,0,0,,,,,0,,,,,0,,0,,,,,,,,,0,0,
178,1790092846001100032,17.8,0,0,0,0,,,,,0,,,,,0,,0,,,,,,,,,0,0,
179,1790092846101100032,17.9,0,0,0,0,,,,,0,,,,,0,,0,,,,,,,,,0,0,
180,1790092846201100032,18.0,0,0,0,0,,,,,0,,,,,0,,0,,,,,,,,,0,0,
181,1790092846301100032,18.1,0,0,0,0,,,,,0,,,,,0,,0,,,,,,,,,0,0,
182,1790092846401100032,18.2,0,0,0,0,,,,,0,,,,,0,,0,,,,,,,,,0,0,
183,1790092846501100032,18.3,0,0,0,0,,,,,0,,,,,0,,0,,,,,,,,,0,0,
184,1790092846601100032,18.4,0,0,0,0,,,,,0,,,,,0,,0,,,,,,,,,0,0,
185,1790092846701100032,18.5,0,0,0,0,,,,,0,,,,,0,,0,,,,,,,,,0,0,
186,1790092846801100032,18.6,0,0,0,0,,,,,0,,,,,0,,0,,,,,,,,,0,0,
187,1790092846901100032,18.7,0,0,0,0,,,,,0,,,,,0,,0,,,,,,,,,0,0,
188,1790092847001100032,18.8,0,0,0,0,,,,,0,,,,,0,,0,,,,,,,,,0,0,
189,1790092847101100032,18.9,0,0,0,0,,,,,0,,,,,0,,0,,,,,,,,,0,0,
190,1790092847201100032,19.0,0,0,0,0,,,,,0,,,,,0,,0,,,,,,,,,0,0,
191,1790092847301100032,19.1,0,0,0,0,,,,,0,,,,,0,,0,,,,,,,,,0,0,
192,1790092847401100032,19.2,0,0,0,0,,,,,0,,,,,0,,0,,,,,,,,,0,0,
193,1790092847501100032,19.3,0,0,0,0,,,,,0,,,,,0,,0,,,,,,,,,0,0,
194,1790092847601100032,19.4,0,0,0,0,,,,,0,,,,,0,,0,,,,,,,,,0,0,
195,1790092847701100032,19.5,0,0,0,0,,,,,0,,,,,0,,0,,,,,,,,,0,0,
196,1790092847801100032,19.6,0,0,0,0,,,,,0,,,,,0,,0,,,,,,,,,0,0,
197,1790092847901100032,19.7,0,0,0,0,,,,,0,,,,,0,,0,,,,,,,,,0,0,
198,1790092848001100032,19.8,0,0,0,0,,,,,0,,,,,0,,0,,,,,,,,,0,0,
199,1790092848101100032,19.9,0,0,0,0,,,,,0,,,,,0,,0,,,,,,,,,0,0,
200,1790092848201100032,20.0,0,0,0,0,,,,,0,,,,,0,,0,,,,,,,,,0,0,
201,1790092848301100032,20.1,0,0,0,0,,,,,0,,,,,0,,0,,,,,,,,,0,0,
202,1790092848401100032,20.2,0,0,0,0,,,,,0,,,,,0,,0,,,,,,,,,0,0,
203,1790092848501100032,20.3,0,0,0,0,,,,,0,,,,,0,,0,,,,,,,,,0,0,
204,1790092848601100032,20.4,0,0,0,0,,,,,0,,,,,0,,0,,,,,,,,,0,0,
205,1790092848701100032,20.5,0,0,0,0,,,,,0,,,,,0,,0,,,,,,,,,0,0,
206,1790092848801100032,20.6,0,0,0,0,,,,,0,,,,,0,,0,,,,,,,,,0,0,
207,1790092848901100032,20.7,0,0,0,0,,,,,0,,,,,0,,0,,,,,,,,,0,0,
208,1790092849001100032,20.8,0,0,0,0,,,,,0,,,,,0,,0,,,,,,,,,0,0,
209,1790092849101100032,20.9,0,0,0,0,,,,,0,,,,,0,,0,,,,,,,,,0,0,
210,1790092849201100032,21.0,0,0,0,0,,,,,0,,,,,0,,0,,,,,,,,,0,0,
211,1790092849301100032,21.1,0,0,0,0,,,,,0,,,,,0,,0,,,,,,,,,0,0,
212,1790092849401100032,21.2,0,0,0,0,,,,,0,,,,,0,,0,,,,,,,,,0,0,
213,1790092849501100032,21.3,0,0,0,0,,,,,0,,,,,0,,0,,,,,,,,,0,0,
214,1790092849601100032,21.4,0,0,0,0,,,,,0,,,,,0,,0,,,,,,,,,0,0,
215,1790092849701100032,21.5,0,0,0,0,,,,,0,,,,,0,,0,,,,,,,,,0,0,
216,1790092849801100032,21.6,0,0,0,0,,,,,0,,,,,0,,0,,,,,,,,,0,0,
217,1790092849901100032,21.7,0,0,0,0,,,,,0,,,,,0,,0,,,,,,,,,0,0,
218,1790092850001100032,21.8,0,0,0,0,,,,,0,,,,,0,,0,,,,,,,,,0,0,
219,1790092850101100032,21.9,0,0,0,0,,,,,0,,,,,0,,0,,,,,,,,,0,0,
220,1790092850201100032,22.0,0,0,0,0,,,,,0,,,,,0,,0,,,,,,,,,0,0,
221,1790092850301100032,22.1,0,0,0,0,,,,,0,,,,,0,,0,,,,,,,,,0,0,
222,1790092850401100032,22.2,0,0,0,0,,,,,0,,,,,0,,0,,,,,,,,,0,0,
223,1790092850501100032,22.3,0,0,0,0,,,,,0,,,,,0,,0,,,,,,,,,0,0,
224,1790092850601100032,22.4,0,0,0,0,,,,,0,,,,,0,,0,,,,,,,,,0,0,
225,1790092850701100032,22.5,0,0,0,0,,,,,0,,,,,0,,0,,,,,,,,,0,0,
226,1790092850801100032,22.6,0,0,0,0,,,,,0,,,,,0,,0,,,,,,,,,0,0,
227,1790092850901100032,22.7,0,0,0,0,,,,,0,,,,,0,,0,,,,,,,,,0,0,
228,1790092851001100032,22.8,0,0,0,0,,,,,0,,,,,0,,0,,,,,,,,,0,0,
229,1790092851101100032,22.9,0,0,0,0,,,,,0,,,,,0,,0,,,,,,,,,0,0,
230,1790092851201100032,23.0,0,0,0,0,,,,,0,,,,,0,,0,,,,,,,,,0,0,
231,1790092851301100032,23.1,0,0,0,0,,,,,0,,,,,0,,0,,,,,,,,,0,0,
232,1790092851401100032,23.2,0,0,0,0,,,,,0,,,,,0,,0,,,,,,,,,0,0,
233,1790092851501100032,23.3,0,0,0,0,,,,,0,,,,,0,,0,,,,,,,,,0,0,
234,1790092851601100032,23.4,0,0,0,0,,,,,0,,,,,0,,0,,,,,,,,,0,0,
235,1790092851701100032,23.5,0,0,0,0,,,,,0,,,,,0,,0,,,,,,,,,0,0,
236,1790092851801100032,23.6,0,0,0,0,,,,,0,,,,,0,,0,,,,,,,,,0,0,
237,1790092851901100032,23.7,0,0,0,0,,,,,0,,,,,0,,0,,,,,,,,,0,0,
238,1790092852001100032,23.8,0,0,0,0,,,,,0,,,,,0,,0,,,,,,,,,0,0,
239,1790092852101100032,23.9,0,0,0,0,,,,,0,,,,,0,,0,,,,,,,,,0,0,
240,1790092852201100032,24.0,0,0,0,0,,,,,0,,,,,0,,0,,,,,,,,,0,0,
241,1790092852301100032,24.1,0,0,0,0,,,,,0,,,,,0,,0,,,,,,,,,0,0,
242,1790092852401100032,24.2,0,0,0,0,,,,,0,,,,,0,,0,,,,,,,,,0,0,
243,1790092852501100032,24.3,0,0,0,0,,,,,0,,,,,0,,0,,,,,,,,,0,0,
244,1790092852601100032,24.4,0,0,0,0,,,,,0,,,,,0,,0,,,,,,,,,0,0,
245,1790092852701100032,24.5,0,0,0,0,,,,,0,,,,,0,,0,,,,,,,,,0,0,
246,1790092852801100032,24.6,0,0,0,0,,,,,0,,,,,0,,0,,,,,,,,,0,0,
247,1790092852901100032,24.7,0,0,0,0,,,,,0,,,,,0,,0,,,,,,,,,0,0,
248,1790092853001100032,24.8,0,0,0,0,,,,,0,,,,,0,,0,,,,,,,,,0,0,
249,1790092853101100032,24.9,0,0,0,0,,,,,0,,,,,0,,0,,,,,,,,,0,0,
250,1790092853201100032,25.0,0,0,0,0,,,,,0,,,,,0,,0,,,,,,,,,0,0,
251,1790092853301100032,25.1,1,0,32,0,,,,,0,,,,,0,,0,,,,,,,,,0,0,
252,1790092853401100032,25.2,1,0,32,0,,,,,0,,,,,0,,0,,,,,,,,,0,0,
253,1790092853501100032,25.3,1,0,32,0,,,,,0,,,,,0,,0,,,,,,,,,0,0,
254,1790092853601100032,25.4,1,0,32,0,,,,,0,,,,,0,,0,,,,,,,,,0,0,
255,1790092853701100032,25.5,1,0,32,0,,,,,0,,,,,0,,0,,,,,,,,,0,0,
256,1790092853801100032,25.6,1,0,32,0,,,,,0,,,,,0,,0,,,,,,,,,0,0,
257,1790092853901100032,25.7,1,0,32,0,,,,,0,,,,,0,,0,,,,,,,,,0,0,
258,1790092854001100032,25.8,1,0,32,0,,,,,0,,,,,0,,0,,,,,,,,,0,0,
259,1790092854101100032,25.9,1,0,32,0,,,,,0,,,,,0,,0,,,,,,,,,0,0,
260,1790092854201100032,26.0,1,0,32,0,,,,,0,,,,,0,,0,,,,,,,,,0,0,
261,1790092854301100032,26.1,0,0,0,0,,,,,0,,,,,0,,0,,,,,,,,,0,0,
262,1790092854401100032,26.2,0,0,0,0,,,,,0,,,,,0,,0,,,,,,,,,0,0,
263,1790092854501100032,26.3,0,0,0,0,,,,,0,,,,,0,,0,,,,,,,,,0,0,
264,1790092854601100032,26.4,0,0,0,0,,,,,0,,,,,0,,0,,,,,,,,,0,0,
265,1790092854701100032,26.5,0,0,0,0,,,,,0,,,,,0,,0,,,,,,,,,0,0,
266,1790092854801100032,26.6,0,0,0,0,,,,,0,,,,,0,,0,,,,,,,,,0,0,
267,1790092854901100032,26.7,0,0,0,0,,,,,0,,,,,0,,0,,,,,,,,,0,0,
268,1790092855001100032,26.8,0,0,0,0,,,,,0,,,,,0,,0,,,,,,,,,0,0,
269,1790092855101100032,26.9,0,0,0,0,,,,,0,,,,,0,,0,,,,,,,,,0,0,
270,1790092855201100032,27.0,0,0,0,0,,,,,0,,,,,0,,0,,,,,,,,,0,0,
271,1790092855301100032,27.1,0,0,0,0,,,,,0,,,,,0,,0,,,,,,,,,0,0,
272,1790092855401100032,27.2,0,0,0,0,,,,,0,,,,,0,,0,,,,,,,,,0,0,
273,1790092855501100032,27.3,0,0,0,0,,,,,0,,,,,0,,0,,,,,,,,,0,0,
274,1790092855601100032,27.4,0,0,0,0,,,,,0,,,,,0,,0,,,,,,,,,0,0,
275,1790092855701100032,27.5,0,0,0,0,,,,,0,,,,,0,,0,,,,,,,,,0,0,
276,1790092855801100032,27.6,0,0,0,0,,,,,0,,,,,0,,0,,,,,,,,,0,0,
277,1790092855901100032,27.7,1,0,112,0,,,,,0,,,,,0,,0,,,,,,,,,0,0,
278,1790092856001100032,27.8,1,0,112,0,,,,,0,,,,,0,,0,,,,,,,,,0,0,
279,1790092856101100032,27.9,1,0,112,0,,,,,0,,,,,0,,0,,,,,,,,,0,0,
280,1790092856201100032,28.0,1,0,112,0,,,,,0,,,,,0,,0,,,,,,,,,0,0,
281,1790092856301100032,28.1,1,0,112,0,,,,,0,,,,,0,,0,,,,,,,,,0,0,
282,1790092856401100032,28.2,1,0,112,0,,,,,0,,,,,0,,0,,,,,,,,,0,0,
283,1790092856501100032,28.3,1,0,112,0,,,,,0,,,,,0,,0,,,,,,,,,0,0,
284,1790092856601100032,28.4,1,0,112,0,,,,,0,,,,,0,,0,,,,,,,,,0,0,
285,1790092856701100032,28.5,2,0,224,0,747.93,747.93,747.93,0.0,1,,,,,0,,0,,,,,,,,,0,0,
286,1790092856801100032,28.6,2,0,224,0,747.93,747.93,747.93,0.0,1,,,,,0,,0,,,,,,,,,0,0,
287,1790092856901100032,28.7,1,0,112,0,,,,,0,,,,,0,,0,,,,,,,,,0,0,
288,1790092857001100032,28.8,1,0,112,0,,,,,0,,,,,0,,0,,,,,,,,,0,0,
289,1790092857101100032,28.9,1,0,112,0,,,,,0,,,,,0,,0,,,,,,,,,0,0,
290,1790092857201100032,29.0,1,0,112,0,,,,,0,,,,,0,,0,,,,,,,,,0,0,
291,1790092857301100032,29.1,1,0,112,0,,,,,0,,,,,0,,0,,,,,,,,,0,0,
292,1790092857401100032,29.2,2,0,224,0,751.748,751.748,751.748,0.0,1,,,,,0,,0,,,,,,,,,0,0,
293,1790092857501100032,29.3,2,0,224,0,751.748,751.748,751.748,0.0,1,,,,,0,,0,,,,,,,,,0,0,
294,1790092857601100032,29.4,2,0,224,0,751.748,751.748,751.748,0.0,1,,,,,0,,0,,,,,,,,,0,0,
295,1790092857701100032,29.5,1,0,112,0,,,,,0,,,,,0,,0,,,,,,,,,0,0,
296,1790092857801100032,29.6,1,0,112,0,,,,,0,,,,,0,,0,,,,,,,,,0,0,
297,1790092857901100032,29.7,1,0,112,0,,,,,0,,,,,0,,0,,,,,,,,,0,0,
298,1790092858001100032,29.8,1,0,112,0,,,,,0,,,,,0,,0,,,,,,,,,0,0,
299,1790092858101100032,29.9,1,0,112,0,,,,,0,,,,,0,,0,,,,,,,,,0,0,
300,1790092858201100032,30.0,1,0,112,0,,,,,0,,,,,0,,0,,,,,,,,,0,0,
301,1790092858301100032,30.1,1,0,112,0,,,,,0,,,,,0,,0,,,,,,,,,0,0,
302,1790092858401100032,30.2,0,0,0,0,,,,,0,,,,,0,,0,,,,,,,,,0,0,
303,1790092858501100032,30.3,0,0,0,0,,,,,0,,,,,0,,0,,,,,,,,,0,0,
304,1790092858601100032,30.4,0,0,0,0,,,,,0,,,,,0,,0,,,,,,,,,0,0,
305,1790092858701100032,30.5,0,0,0,0,,,,,0,,,,,0,,0,,,,,,,,,0,0,
306,1790092858801100032,30.6,0,0,0,0,,,,,0,,,,,0,,0,,,,,,,,,0,0,
307,1790092858901100032,30.7,0,0,0,0,,,,,0,,,,,0,,0,,,,,,,,,0,0,
308,1790092859001100032,30.8,0,0,0,0,,,,,0,,,,,0,,0,,,,,,,,,0,0,
309,1790092859101100032,30.9,0,0,0,0,,,,,0,,,,,0,,0,,,,,,,,,0,0,
310,1790092859201100032,31.0,0,0,0,0,,,,,0,,,,,0,,0,,,,,,,,,0,0,
311,1790092859301100032,31.1,0,0,0,0,,,,,0,,,,,0,,0,,,,,,,,,0,0,
312,1790092859401100032,31.2,0,0,0,0,,,,,0,,,,,0,,0,,,,,,,,,0,0,
313,1790092859501100032,31.3,0,0,0,0,,,,,0,,,,,0,,0,,,,,,,,,0,0,
314,1790092859601100032,31.4,0,0,0,0,,,,,0,,,,,0,,0,,,,,,,,,0,0,
315,1790092859701100032,31.5,0,0,0,0,,,,,0,,,,,0,,0,,,,,,,,,0,0,
316,1790092859801100032,31.6,0,0,0,0,,,,,0,,,,,0,,0,,,,,,,,,0,0,
317,1790092859901100032,31.7,0,0,0,0,,,,,0,,,,,0,,0,,,,,,,,,0,0,
318,1790092860001100032,31.8,0,0,0,0,,,,,0,,,,,0,,0,,,,,,,,,0,0,
319,1790092860101100032,31.9,0,0,0,0,,,,,0,,,,,0,,0,,,,,,,,,0,0,
320,1790092860201100032,32.0,0,0,0,0,,,,,0,,,,,0,,0,,,,,,,,,0,0,
321,1790092860301100032,32.1,0,0,0,0,,,,,0,,,,,0,,0,,,,,,,,,0,0,
322,1790092860401100032,32.2,0,0,0,0,,,,,0,,,,,0,,0,,,,,,,,,0,0,
323,1790092860501100032,32.3,0,0,0,0,,,,,0,,,,,0,,0,,,,,,,,,0,0,
324,1790092860601100032,32.4,0,0,0,0,,,,,0,,,,,0,,0,,,,,,,,,0,0,
325,1790092860701100032,32.5,0,0,0,0,,,,,0,,,,,0,,0,,,,,,,,,0,0,
326,1790092860801100032,32.6,0,0,0,0,,,,,0,,,,,0,,0,,,,,,,,,0,0,
327,1790092860901100032,32.7,0,0,0,0,,,,,0,,,,,0,,0,,,,,,,,,0,0,
328,1790092861001100032,32.8,0,0,0,0,,,,,0,,,,,0,,0,,,,,,,,,0,0,
329,1790092861101100032,32.9,0,0,0,0,,,,,0,,,,,0,,0,,,,,,,,,0,0,
330,1790092861201100032,33.0,0,0,0,0,,,,,0,,,,,0,,0,,,,,,,,,0,0,
331,1790092861301100032,33.1,0,0,0,0,,,,,0,,,,,0,,0,,,,,,,,,0,0,
332,1790092861401100032,33.2,0,0,0,0,,,,,0,,,,,0,,0,,,,,,,,,0,0,
333,1790092861501100032,33.3,0,0,0,0,,,,,0,,,,,0,,0,,,,,,,,,0,0,
334,1790092861601100032,33.4,0,0,0,0,,,,,0,,,,,0,,0,,,,,,,,,0,0,
335,1790092861701100032,33.5,0,0,0,0,,,,,0,,,,,0,,0,,,,,,,,,0,0,
336,1790092861801100032,33.6,2,1,192,96,49.782,49.782,49.782,0.0,1,,,,,0,2.0,1,33.472,33.472,33.472,,,,,,0,0,
337,1790092861901100032,33.7,4,3,384,288,49.782,50.661,50.661,0.447,1,49.972,50.841,50.841,0.869,1,1.3333,3,32.973,32.793,33.472,,,,,,0,0,
338,1790092862001100032,33.8,6,5,576,480,50.201,50.661,50.661,0.37,1,49.764,50.841,50.841,0.644,1,1.2,5,32.973,32.793,33.472,,,,,,0,0,
339,1790092862101100032,33.9,8,7,768,672,50.159,50.289,50.661,0.342,1,49.968,50.184,50.841,0.501,1,1.1429,7,32.973,32.793,33.472,,,,,,0,0,
340,1790092862201100032,34.0,10,9,960,864,50.159,50.289,50.661,0.311,1,50.134,50.184,50.841,0.38,1,1.1111,9,32.968,32.793,33.472,,,,,,0,0,
341,1790092862301100032,34.1,12,11,1152,1056,50.159,50.661,50.685,0.358,1,50.134,50.338,50.841,0.346,1,1.0909,11,32.932,32.585,33.472,,,,,,0,0,
342,1790092862401100032,34.2,14,13,1360,1248,50.159,50.661,50.685,0.334,1,50.057,50.338,50.841,0.328,1,1.0897,13,32.894,32.487,33.472,,,,,,0,0,
343,1790092862501100032,34.3,16,15,1584,1440,50.159,50.661,50.685,0.333,1,50.057,50.841,51.362,0.431,1,1.1,15,32.877,31.858,33.472,,,,,,0,0,
344,1790092862601100032,34.4,18,17,1808,1632,50.145,50.48,50.685,0.302,1,50.057,50.841,51.362,0.389,1,1.1078,17,32.894,31.858,33.472,,,,,,0,0,
345,1790092862701100032,34.5,20,19,2032,1824,50.009,50.48,50.685,0.28,1,50.009,50.338,51.362,0.355,1,1.114,19,32.894,31.858,33.472,,,,,,0,0,
346,1790092862801100032,34.6,20,20,2064,1920,50.009,50.305,50.685,0.252,1,49.999,50.338,51.362,0.314,1,1.075,20,32.861,31.858,33.0,,,,,,0,0,
347,1790092862901100032,34.7,20,20,2096,1920,50.009,50.333,50.685,0.22,1,50.02,50.338,51.362,0.272,1,1.0917,20,32.861,31.858,33.0,,,,,,0,0,
348,1790092863001100032,34.8,20,20,2128,1920,50.009,50.333,50.685,0.216,1,49.999,50.338,51.362,0.278,1,1.1083,20,32.835,31.858,32.974,,,,,,0,0,
349,1790092863101100032,34.9,20,20,2160,1920,50.009,50.48,50.847,0.26,1,49.996,50.338,51.362,0.272,1,1.125,20,32.82,31.858,32.968,,,,,,0,0,
350,1790092863201100032,35.0,20,20,2192,1920,50.009,50.437,50.847,0.293,1,49.996,50.338,51.362,0.269,1,1.1417,20,32.79,31.763,32.962,,,,,,0,0,
351,1790092863301100032,35.1,20,20,2224,1920,49.995,50.437,50.847,0.27,1,49.996,50.214,51.362,0.253,1,1.1583,20,32.786,31.763,32.962,,,,,,0,0,
352,1790092863401100032,35.2,20,20,2240,1920,50.009,50.437,50.847,0.285,1,49.973,50.214,51.362,0.224,1,1.1667,20,32.763,31.763,32.962,,,,,,0,0,
353,1790092863501100032,35.3,20,20,2240,1920,50.009,50.694,50.847,0.336,1,49.966,50.214,51.237,0.236,1,1.1667,20,32.799,31.763,32.962,,,,,,0,0,
354,1790092863601100032,35.4,20,20,2240,1920,50.066,50.694,50.847,0.379,1,49.921,50.507,51.237,0.297,1,1.1667,20,32.799,31.763,32.962,,,,,,0,0,
355,1790092863701100032,35.5,20,20,2240,1920,50.066,50.694,50.847,0.368,1,49.921,50.507,51.237,0.317,1,1.1667,20,32.786,31.763,32.962,,,,,,0,0,
356,1790092863801100032,35.6,20,20,2240,1920,49.978,50.694,50.847,0.423,1,49.973,50.542,51.237,0.321,1,1.1667,20,32.786,31.763,32.962,,,,,,0,0,
357,1790092863901100032,35.7,20,20,2240,1920,50.153,50.813,51.144,0.476,1,49.973,50.542,51.237,0.322,1,1.1667,20,32.786,31.763,32.959,,,,,,0,0,
358,1790092864001100032,35.8,20,20,2240,1920,49.978,50.813,51.144,0.475,1,49.973,50.883,51.237,0.358,1,1.1667,20,32.803,31.763,32.959,,,,,,0,0,
359,1790092864101100032,35.9,20,20,2240,1920,49.978,50.694,51.144,0.402,1,49.973,50.883,51.237,0.392,1,1.1667,20,32.819,31.763,32.949,,,,,,0,0,
360,1790092864201100032,36.0,20,20,2240,1920,49.963,50.694,51.144,0.379,1,49.898,50.883,51.237,0.406,1,1.1667,20,32.825,32.274,32.949,,,,,,0,0,
361,1790092864301100032,36.1,20,20,2240,1920,49.978,50.694,51.144,0.397,1,49.921,50.883,51.237,0.415,1,1.1667,20,32.834,32.274,32.949,,,,,,0,0,
362,1790092864401100032,36.2,20,20,2240,1920,49.978,50.631,51.144,0.363,1,50.089,50.645,51.031,0.384,1,1.1667,20,32.846,32.521,32.949,,,,,,0,0,
363,1790092864501100032,36.3,20,20,2240,1920,50.002,50.376,51.144,0.31,1,49.921,50.542,51.031,0.368,1,1.1667,20,32.834,32.031,32.949,,,,,,0,0,
364,1790092864601100032,36.4,20,20,2240,1920,50.002,50.376,51.144,0.3,1,49.921,50.645,51.031,0.382,1,1.1667,20,32.806,31.846,32.934,,,,,,0,0,
365,1790092864701100032,36.5,20,20,2240,1920,50.002,50.376,51.144,0.299,1,50.004,50.645,51.031,0.372,1,1.1667,20,32.806,31.846,32.934,,,,,,0,0,
366,1790092864801100032,36.6,20,20,2240,1920,49.986,50.376,51.144,0.258,1,50.043,50.645,51.031,0.338,1,1.1667,20,32.825,31.846,32.934,,,,,,0,0,
367,1790092864901100032,36.7,20,20,2240,1920,49.985,50.365,50.462,0.204,1,49.921,50.405,50.945,0.287,1,1.1667,20,32.825,31.846,32.97,,,,,,0,0,
368,1790092865001100032,36.8,20,20,2240,1920,49.986,50.376,50.466,0.209,1,50.004,50.405,50.945,0.283,1,1.1667,20,32.811,31.846,32.97,,,,,,0,0,
369,1790092865101100032,36.9,20,20,2240,1920,49.986,50.376,50.466,0.196,1,50.004,50.645,50.945,0.313,1,1.1667,20,32.813,31.846,33.104,,,,,,0,0,
370,1790092865201100032,37.0,20,20,2240,1920,49.986,50.376,50.466,0.217,1,50.02,50.645,50.945,0.298,1,1.1667,20,32.813,31.846,33.104,,,,,,0,0,
371,1790092865301100032,37.1,20,20,2240,1920,49.985,50.462,50.766,0.239,1,50.004,50.405,50.945,0.284,1,1.1667,20,32.813,31.846,33.104,,,,,,0,0,
372,1790092865401100032,37.2,20,20,2240,1920,49.947,50.462,50.766,0.214,1,50.004,50.777,50.987,0.307,1,1.1667,20,32.814,31.846,33.104,,,,,,0,0,
373,1790092865501100032,37.3,20,20,2240,1920,49.947,50.462,50.766,0.218,1,50.004,50.777,50.987,0.291,1,1.1667,20,32.83,31.846,33.104,,,,,,0,0,
374,1790092865601100032,37.4,20,20,2240,1920,49.947,50.462,50.766,0.249,1,49.943,50.405,50.987,0.28,1,1.1667,20,32.83,32.018,33.104,,,,,,0,0,
375,1790092865701100032,37.5,20,20,2240,1920,49.947,50.37,50.766,0.244,1,49.931,50.395,50.987,0.277,1,1.1667,20,32.852,32.018,33.104,,,,,,0,0,
376,1790092865801100032,37.6,20,20,2240,1920,49.977,50.466,50.893,0.312,1,49.943,50.746,50.987,0.33,1,1.1667,20,32.852,32.018,33.104,,,,,,0,0,
377,1790092865901100032,37.7,20,20,2240,1920,49.977,50.466,50.893,0.31,1,50.02,50.746,50.987,0.36,1,1.1667,20,32.852,32.018,33.104,,,,,,0,0,
378,1790092866001100032,37.8,20,20,2240,1920,49.977,50.37,50.893,0.286,1,49.931,50.403,50.987,0.332,1,1.1667,20,32.839,32.018,33.104,,,,,,0,0,
379,1790092866101100032,37.9,20,20,2240,1920,49.918,50.37,50.893,0.291,1,49.931,50.403,50.987,0.341,1,1.1667,20,32.813,32.018,33.01,,,,,,0,0,
380,1790092866201100032,38.0,20,20,2240,1920,50.006,50.481,50.893,0.304,1,49.923,50.403,50.987,0.373,1,1.1667,20,32.788,31.553,33.01,,,,,,0,0,
381,1790092866301100032,38.1,20,20,2240,1920,50.004,50.37,50.893,0.268,1,49.931,50.403,50.791,0.363,1,1.1667,20,32.767,31.553,33.01,,,,,,0,0,
382,1790092866401100032,38.2,20,20,2240,1920,50.004,50.481,50.893,0.274,1,50.023,50.409,50.791,0.375,1,1.1667,20,32.749,31.553,33.01,,,,,,0,0,
383,1790092866501100032,38.3,20,20,2240,1920,50.004,50.481,50.893,0.26,1,50.133,50.409,50.791,0.34,1,1.1667,20,32.767,31.553,33.01,,,,,,0,0,
384,1790092866601100032,38.4,20,20,2240,1920,50.004,50.52,50.893,0.283,1,50.004,50.409,50.791,0.33,1,1.1667,20,32.758,31.553,33.01,,,,,,0,0,
385,1790092866701100032,38.5,20,20,2240,1920,49.991,50.52,50.729,0.259,1,50.004,50.746,50.815,0.375,1,1.1667,20,32.706,31.553,33.01,,,,,,0,0,
386,1790092866801100032,38.6,20,20,2240,1920,49.918,50.52,50.729,0.237,1,50.004,50.791,51.152,0.381,1,1.1667,20,32.721,31.553,33.01,,,,,,0,0,
387,1790092866901100032,38.7,20,20,2240,1920,50.004,50.52,50.729,0.239,1,50.004,50.791,51.152,0.387,1,1.1667,20,32.616,31.553,32.944,,,,,,0,0,
388,1790092867001100032,38.8,20,20,2240,1920,50.004,50.58,50.729,0.299,1,50.023,50.791,51.152,0.398,1,1.1667,20,32.772,31.553,32.944,,,,,,0,0,
389,1790092867101100032,38.9,20,20,2240,1920,50.004,50.58,50.729,0.272,1,50.023,50.791,51.152,0.415,1,1.1667,20,32.721,31.553,32.944,0.082,0.256,-0.1,0.256,0.256,1,0,
390,1790092867201100032,39.0,20,20,2240,1920,49.991,50.58,50.729,0.281,1,50.023,50.791,51.152,0.425,1,1.1667,20,32.721,31.707,32.944,0.082,0.256,-0.1,0.256,0.256,1,0,
391,1790092867301100032,39.1,20,20,2240,1920,49.991,50.58,50.729,0.263,1,50.034,50.593,51.152,0.406,1,1.1667,20,32.721,31.624,32.944,0.082,0.058,-0.1,0.082,0.082,1,0,
392,1790092867401100032,39.2,20,20,2240,1920,50.006,50.58,50.729,0.283,1,50.034,50.593,51.152,0.411,1,1.1667,20,32.558,31.624,32.944,0.082,0.058,-0.263,0.082,0.082,1,0,
393,1790092867501100032,39.3,20,20,2240,1920,49.967,50.477,50.729,0.253,1,50.048,50.815,51.152,0.45,1,1.1667,20,32.558,31.624,32.926,-0.021,0.28,-0.263,0.28,0.28,1,0,
394,1790092867601100032,39.4,20,20,2240,1920,50.006,50.477,50.729,0.261,1,50.077,50.593,51.152,0.419,1,1.1667,20,32.772,31.624,32.928,-0.021,0.058,-0.049,0.058,0.058,1,0,
395,1790092867701100032,39.5,20,20,2240,1920,49.988,50.311,50.668,0.231,1,50.048,50.426,50.862,0.349,1,1.1667,20,32.794,31.624,32.928,-0.187,-0.109,-0.027,-0.109,-0.109,1,0,
396,1790092867801100032,39.6,20,20,2240,1920,50.006,50.391,50.668,0.239,1,50.077,50.479,50.862,0.339,1,1.1667,20,32.823,31.624,32.928,-0.107,-0.056,0.002,-0.056,-0.056,1,0,
397,1790092867901100032,39.7,20,20,2240,1920,50.016,50.311,50.477,0.207,1,50.077,50.479,50.862,0.33,1,1.1667,20,32.844,31.624,32.928,-0.187,-0.056,0.023,-0.056,-0.056,1,0,
398,1790092868001100032,39.8,20,20,2240,1920,50.067,50.391,50.482,0.211,1,50.077,50.479,50.862,0.288,1,1.1667,20,32.854,31.624,32.94,-0.107,-0.056,0.033,-0.056,-0.056,1,0,
399,1790092868101100032,39.9,20,20,2240,1920,50.067,50.477,50.548,0.238,1,50.077,50.601,50.862,0.335,1,1.1667,20,32.884,31.624,32.96,-0.021,0.066,0.063,0.066,0.066,1,0,
400,1790092868201100032,40.0,20,20,2240,1920,50.016,50.477,50.548,0.255,1,50.218,50.601,50.862,0.316,1,1.1667,20,32.884,31.624,32.96,-0.021,0.066,0.063,0.066,0.066,1,0,
401,1790092868301100032,40.1,20,20,2240,1920,50.075,50.477,50.548,0.256,1,50.024,50.601,50.862,0.321,1,1.1667,20,32.884,32.243,32.96,-0.021,0.066,0.063,0.066,0.066,1,0,
402,1790092868401100032,40.2,20,20,2240,1920,50.075,50.391,50.548,0.237,1,49.993,50.539,50.632,0.305,1,1.1667,20,32.884,32.5,32.96,-0.107,0.004,0.063,0.004,0.004,1,0,
403,1790092868501100032,40.3,20,20,2240,1920,50.096,50.391,50.548,0.239,1,50.024,50.539,50.632,0.319,1,1.1667,20,32.883,32.5,32.96,-0.107,0.004,0.061,0.004,0.004,1,0,
404,1790092868601100032,40.4,20,20,2240,1920,50.111,50.482,50.835,0.291,1,50.024,50.601,50.825,0.345,1,1.1667,20,32.865,32.5,32.96,-0.016,0.066,0.044,0.066,0.066,1,0,
405,1790092868701100032,40.5,20,20,2240,1920,50.111,50.548,50.835,0.312,1,50.182,50.632,50.928,0.445,1,1.1667,20,32.826,31.739,32.96,0.05,0.097,0.005,0.097,0.097,1,0,
406,1790092868801100032,40.6,20,20,2240,1920,50.096,50.548,50.835,0.33,1,50.182,50.632,50.928,0.449,1,1.1667,20,32.826,31.739,32.96,0.05,0.097,0.005,0.097,0.097,1,0,
407,1790092868901100032,40.7,20,20,2240,1920,50.096,50.548,50.835,0.355,1,50.182,50.632,50.928,0.483,1,1.1667,20,32.828,31.739,32.96,0.05,0.097,0.006,0.097,0.097,1,0,
408,1790092869001100032,40.8,20,20,2240,1920,50.096,50.496,50.835,0.3,1,50.182,50.646,50.928,0.503,1,1.1667,20,32.821,31.739,32.96,-0.003,0.111,-0.0,0.111,0.111,1,0,
409,1790092869101100032,40.9,20,20,2240,1920,50.096,50.496,50.835,0.306,1,50.037,50.646,50.928,0.485,1,1.1667,20,32.821,31.739,32.921,-0.003,0.111,-0.0,0.111,0.111,1,0,
410,1790092869201100032,41.0,20,20,2240,1920,50.096,50.699,50.835,0.336,1,50.182,50.646,50.928,0.475,1,1.1667,20,32.825,31.739,32.921,0.201,0.111,0.004,0.201,0.201,1,0,
411,1790092869301100032,41.1,20,20,2240,1920,50.096,50.699,50.835,0.377,1,50.037,50.646,50.928,0.513,1,1.1667,20,32.821,31.739,32.921,0.201,0.111,-0.0,0.201,0.201,1,0,
412,1790092869401100032,41.2,20,20,2240,1920,49.964,50.699,50.835,0.384,1,50.268,50.646,50.928,0.538,1,1.1667,20,32.808,31.739,32.921,0.201,0.111,-0.013,0.201,0.201,1,0,
413,1790092869501100032,41.3,20,20,2240,1920,49.891,50.527,50.717,0.366,1,50.268,50.646,50.928,0.552,1,1.1667,20,32.808,31.739,32.953,0.028,0.111,-0.013,0.111,0.111,1,0,
414,1790092869601100032,41.4,20,20,2240,1920,49.891,50.517,50.699,0.331,1,50.224,50.607,50.928,0.446,1,1.1667,20,32.807,31.739,32.968,0.019,0.072,-0.014,0.072,0.072,1,0,
415,1790092869701100032,41.5,20,20,2240,1920,50.096,50.517,50.699,0.343,1,50.037,50.607,50.646,0.428,1,1.1667,20,32.825,31.748,32.968,0.019,0.072,0.004,0.072,0.072,1,0,
416,1790092869801100032,41.6,20,20,2240,1920,49.99,50.517,50.699,0.332,1,50.1,50.607,50.646,0.434,1,1.1667,20,32.816,31.748,32.968,0.019,0.072,-0.005,0.072,0.072,1,0,
417,1790092869901100032,41.7,20,20,2240,1920,50.068,50.517,50.699,0.311,1,50.1,50.607,50.646,0.359,1,1.1667,20,32.817,31.748,32.978,0.019,0.072,-0.004,0.072,0.072,1,0,
418,1790092870001100032,41.8,20,20,2240,1920,50.09,50.517,50.699,0.288,1,50.1,50.603,50.609,0.334,1,1.1667,20,32.84,31.748,32.978,0.019,0.068,0.018,0.068,0.068,1,0,
419,1790092870101100032,41.9,20,20,2240,1920,50.068,50.454,50.699,0.285,1,50.1,50.603,50.609,0.314,1,1.1667,20,32.832,31.748,32.978,-0.044,0.068,0.011,0.068,0.068,1,0,
420,1790092870201100032,42.0,20,20,2240,1920,50.068,50.367,50.527,0.225,1,50.1,50.603,50.609,0.31,1,1.1667,20,32.835,31.748,32.978,-0.131,0.068,0.014,0.068,0.068,1,0,
421,1790092870301100032,42.1,20,20,2240,1920,50.068,50.351,50.527,0.212,1,50.062,50.592,50.609,0.268,1,1.1667,20,32.835,32.516,32.978,-0.148,0.057,0.014,0.057,0.057,1,0,
422,1790092870401100032,42.2,20,20,2240,1920,50.09,50.301,50.454,0.185,1,50.078,50.415,50.609,0.253,1,1.1667,20,32.841,32.516,32.978,-0.197,-0.12,0.02,-0.12,-0.12,1,0,
423,1790092870501100032,42.3,20,20,2240,1920,50.068,50.22,50.351,0.188,1,50.078,50.415,50.609,0.26,1,1.1667,20,32.841,32.516,32.978,-0.279,-0.12,0.02,-0.12,-0.12,1,0,
424,1790092870601100032,42.4,20,20,2240,1920,50.09,50.334,50.574,0.203,1,50.078,50.416,50.609,0.267,1,1.1667,20,32.841,32.516,32.978,-0.164,-0.119,0.02,-0.119,-0.119,1,0,
425,1790092870701100032,42.5,20,20,2240,1920,50.09,50.334,50.574,0.177,1,50.062,50.415,50.513,0.263,1,1.1667,20,32.835,32.508,32.978,-0.164,-0.12,0.013,-0.12,-0.12,1,0,
426,1790092870801100032,42.6,20,20,2240,1920,50.091,50.334,50.574,0.18,1,50.078,50.416,51.069,0.323,1,1.1667,20,32.835,31.782,32.978,-0.164,-0.119,0.013,-0.119,-0.119,1,0,
427,1790092870901100032,42.7,20,20,2240,1920,50.091,50.334,50.574,0.196,1,50.078,50.416,51.069,0.325,1,1.1667,20,32.822,31.782,32.97,-0.164,-0.119,0.0,-0.119,-0.119,1,0,
428,1790092871001100032,42.8,20,20,2240,1920,50.039,50.334,50.574,0.216,1,50.078,50.416,51.069,0.338,1,1.1667,20,32.822,31.782,32.97,-0.164,-0.119,0.0,-0.119,-0.119,1,0,
429,1790092871101100032,42.9,20,20,2240,1920,50.039,50.334,50.574,0.225,1,50.078,50.496,51.069,0.356,1,1.1667,20,32.831,31.782,32.97,-0.164,-0.039,0.01,-0.039,-0.039,1,0,
430,1790092871201100032,43.0,20,20,2240,1920,50.091,50.334,50.574,0.219,1,50.078,50.496,51.069,0.359,1,1.1667,20,32.822,31.782,32.97,-0.164,-0.039,0.0,-0.039,-0.039,1,0,
431,1790092871301100032,43.1,20,20,2240,1920,50.039,50.334,50.574,0.225,1,50.078,50.496,51.069,0.331,1,1.1667,20,32.831,31.782,33.061,-0.164,-0.039,0.01,-0.039,-0.039,1,0,
432,1790092871401100032,43.2,20,20,2240,1920,50.12,50.344,50.574,0.217,1,50.1,50.496,51.069,0.339,1,1.1667,20,32.828,31.782,33.061,-0.154,-0.039,0.007,-0.039,-0.039,1,0,
433,1790092871501100032,43.3,20,20,2240,1920,50.12,50.344,51.011,0.305,1,50.215,50.513,51.069,0.347,1,1.1667,20,32.828,31.782,33.061,-0.154,-0.022,0.007,-0.022,-0.022,1,0,
434,1790092871601100032,43.4,20,20,2240,1920,50.175,50.45,51.011,0.33,1,50.154,50.496,51.069,0.415,1,1.1667,20,32.839,31.782,33.061,-0.048,-0.039,0.018,-0.039,-0.039,1,0,
435,1790092871701100032,43.5,20,20,2240,1920,50.039,50.45,51.011,0.38,1,50.215,50.496,51.069,0.397,1,1.1667,20,32.852,31.782,33.061,-0.048,-0.039,0.03,-0.039,-0.039,1,0,
436,1790092871801100032,43.6,20,20,2240,1920,50.175,50.45,51.011,0.373,1,50.1,50.46,50.992,0.37,1,1.1667,20,32.857,32.533,33.061,-0.048,-0.076,0.036,-0.048,-0.048,1,0,
437,1790092871901100032,43.7,20,20,2240,1920,50.175,50.693,51.011,0.414,1,50.1,50.46,50.992,0.387,1,1.1667,20,32.87,32.533,33.061,0.195,-0.076,0.049,0.195,0.195,1,0,
438,1790092872001100032,43.8,20,20,2240,1920,50.133,50.693,51.011,0.402,1,50.154,50.496,50.992,0.421,1,1.1667,20,32.88,32.533,33.061,0.195,-0.039,0.059,0.195,0.195,1,0,
439,1790092872101100032,43.9,20,20,2240,1920,50.133,50.693,51.011,0.408,1,50.154,50.46,50.992,0.416,1,1.1667,20,32.881,32.533,33.061,0.195,-0.076,0.06,0.195,0.195,1,0,
440,1790092872201100032,44.0,20,20,2240,1920,50.133,50.693,51.011,0.435,1,50.185,50.46,50.992,0.414,1,1.1667,20,32.874,32.533,33.061,0.195,-0.076,0.053,0.195,0.195,1,0,
441,1790092872301100032,44.1,20,20,2240,1920,50.133,50.693,51.011,0.43,1,50.135,50.46,50.992,0.431,1,1.1667,20,32.87,32.328,32.946,0.195,-0.076,0.049,0.195,0.195,1,0,
442,1790092872401100032,44.2,20,20,2240,1920,50.085,50.45,50.794,0.406,1,49.816,50.46,50.992,0.428,1,1.1667,20,32.87,31.812,32.946,-0.048,-0.076,0.049,-0.048,-0.048,1,0,
443,1790092872501100032,44.3,20,20,2240,1920,50.085,50.341,50.794,0.333,1,49.865,50.46,51.104,0.377,1,1.1667,20,32.813,31.812,32.946,-0.158,-0.076,-0.008,-0.076,-0.076,1,0,
444,1790092872601100032,44.4,20,20,2240,1920,50.079,50.323,50.794,0.274,1,49.816,50.369,51.104,0.346,1,1.1667,20,32.776,31.812,32.946,-0.175,-0.166,-0.045,-0.166,-0.166,1,0,
445,1790092872701100032,44.5,20,20,2240,1920,50.085,50.323,50.794,0.264,1,49.992,50.369,51.104,0.342,1,1.1667,20,32.754,31.812,32.946,-0.175,-0.166,-0.067,-0.166,-0.166,1,0,
446,1790092872801100032,44.6,20,20,2240,1920,50.143,50.323,50.794,0.239,1,49.865,50.477,51.104,0.378,1,1.1667,20,32.754,31.812,32.946,-0.175,-0.058,-0.067,-0.058,-0.058,1,0,
447,1790092872901100032,44.7,20,20,2240,1920,50.143,50.293,50.341,0.2,1,49.992,50.477,51.104,0.38,1,1.1667,20,32.722,31.812,32.946,-0.206,-0.058,-0.1,-0.058,-0.058,1,0,
448,1790092873001100032,44.8,20,20,2240,1920,50.159,50.293,50.341,0.191,1,49.992,50.477,51.104,0.335,1,1.1667,20,32.722,31.812,32.891,-0.206,-0.058,-0.1,-0.058,-0.058,1,0,
449,1790092873101100032,44.9,20,20,2240,1920,50.079,50.291,50.341,0.199,1,49.992,50.477,51.104,0.316,1,1.1667,20,32.709,31.812,32.876,-0.207,-0.058,-0.112,-0.058,-0.058,1,0,
450,1790092873201100032,45.0,20,20,2240,1920,50.079,50.265,50.341,0.177,1,49.992,50.477,51.104,0.294,1,1.1667,20,32.709,31.812,32.876,-0.233,-0.058,-0.112,-0.058,-0.058,1,0,
451,1790092873301100032,45.1,20,20,2240,1920,50.143,50.291,50.571,0.192,1,50.018,50.477,51.104,0.29,1,1.1667,20,32.709,31.812,32.876,-0.207,-0.058,-0.112,-0.058,-0.058,1,0,
452,1790092873401100032,45.2,20,20,2240,1920,50.119,50.265,50.571,0.177,1,50.018,50.477,50.96,0.274,1,1.1667,20,32.734,31.96,32.876,-0.233,-0.058,-0.087,-0.058,-0.058,1,0,
453,1790092873501100032,45.3,20,20,2240,1920,50.119,50.265,50.571,0.187,1,50.018,50.477,50.96,0.256,1,1.1667,20,32.741,31.96,32.876,-0.233,-0.058,-0.081,-0.058,-0.058,1,0,
454,1790092873601100032,45.4,20,20,2240,1920,50.037,50.265,50.571,0.184,1,50.018,50.477,50.96,0.257,1,1.1667,20,32.761,31.96,32.876,-0.233,-0.058,-0.061,-0.058,-0.058,1,0,
455,1790092873701100032,45.5,20,20,2240,1920,50.037,50.259,50.571,0.178,1,50.018,50.333,50.96,0.256,1,1.1667,20,32.761,31.96,32.876,-0.239,-0.202,-0.06,-0.202,-0.202,1,0,
456,1790092873801100032,45.6,20,20,2240,1920,49.945,50.291,50.721,0.243,1,50.05,50.537,50.96,0.245,1,1.1667,20,32.761,32.008,32.876,-0.207,0.002,-0.06,0.002,0.002,1,0,
457,1790092873901100032,45.7,20,20,2240,1920,49.945,50.556,50.721,0.256,1,50.05,50.537,50.849,0.259,1,1.1667,20,32.786,32.507,32.947,0.058,0.002,-0.036,0.058,0.058,1,0,
458,1790092874001100032,45.8,20,20,2240,1920,50.037,50.556,50.721,0.275,1,49.983,50.537,50.849,0.281,1,1.1667,20,32.785,32.507,32.947,0.058,0.002,-0.036,0.058,0.058,1,0,
459,1790092874101100032,45.9,20,20,2240,1920,50.037,50.556,50.721,0.266,1,50.081,50.537,50.849,0.294,1,1.1667,20,32.786,32.507,32.947,0.058,0.002,-0.036,0.058,0.058,1,0,
460,1790092874201100032,46.0,20,20,2240,1920,50.083,50.556,50.721,0.259,1,49.967,50.537,50.849,0.308,1,1.1667,20,32.792,32.507,32.947,0.058,0.002,-0.029,0.058,0.058,1,0,
461,1790092874301100032,46.1,20,20,2240,1920,50.037,50.406,50.721,0.242,1,49.967,50.502,50.632,0.275,1,1.1667,20,32.792,32.468,32.947,-0.092,-0.033,-0.029,-0.033,-0.033,1,0,
462,1790092874401100032,46.2,20,20,2240,1920,50.037,50.556,50.732,0.278,1,49.967,50.502,50.632,0.271,1,1.1667,20,32.792,32.468,32.947,0.058,-0.033,-0.029,0.058,0.058,1,0,
463,1790092874501100032,46.3,20,20,2240,1920,49.935,50.556,50.732,0.27,1,49.947,50.537,50.833,0.303,1,1.1667,20,32.807,32.468,32.947,0.058,0.002,-0.014,0.058,0.058,1,0,
464,1790092874601100032,46.4,20,20,2240,1920,49.962,50.556,50.732,0.273,1,50.041,50.537,50.833,0.305,1,1.1667,20,32.823,32.468,32.947,0.058,0.002,0.002,0.058,0.058,1,0,
465,1790092874701100032,46.5,20,20,2240,1920,49.935,50.406,50.732,0.234,1,50.039,50.537,50.833,0.298,1,1.1667,20,32.85,32.468,32.947,-0.092,0.002,0.028,0.002,0.002,1,0,
466,1790092874801100032,46.6,20,20,2240,1920,49.962,50.325,50.732,0.173,1,49.95,50.502,50.833,0.247,1,1.1667,20,32.851,32.468,32.947,-0.173,-0.033,0.029,-0.033,-0.033,1,0,
467,1790092874901100032,46.7,20,20,2240,1920,49.975,50.325,50.732,0.176,1,49.913,50.356,50.833,0.229,1,1.1667,20,32.807,32.009,32.927,-0.173,-0.179,-0.014,-0.173,-0.173,1,0,
468,1790092875001100032,46.8,20,20,2240,1920,49.962,50.309,50.732,0.187,1,49.95,50.356,50.862,0.264,1,1.1667,20,32.807,32.009,32.927,-0.189,-0.179,-0.014,-0.179,-0.179,1,0,
469,1790092875101100032,46.9,20,20,2240,1920,49.987,50.317,50.732,0.205,1,49.95,50.383,50.862,0.3,1,1.1667,20,32.783,32.009,32.927,-0.182,-0.152,-0.039,-0.152,-0.152,1,0,
470,1790092875201100032,47.0,20,20,2240,1920,49.987,50.317,50.732,0.226,1,49.95,50.383,50.862,0.284,1,1.1667,20,32.778,32.009,32.927,-0.182,-0.152,-0.043,-0.152,-0.152,1,0,
471,1790092875301100032,47.1,20,20,2240,1920,49.987,50.317,50.732,0.235,1,50.039,50.383,50.862,0.291,1,1.1667,20,32.771,32.009,32.927,-0.182,-0.152,-0.05,-0.152,-0.152,1,0,
472,1790092875401100032,47.2,20,20,2240,1920,49.987,50.309,50.547,0.208,1,49.95,50.315,50.862,0.301,1,1.1667,20,32.771,31.774,32.927,-0.189,-0.22,-0.05,-0.189,-0.189,1,0,
473,1790092875501100032,47.3,20,20,2240,1920,50.067,50.298,50.547,0.198,1,50.069,50.383,50.896,0.352,1,1.1667,20,32.73,31.774,32.927,-0.201,-0.152,-0.091,-0.152,-0.152,1,0,
474,1790092875601100032,47.4,20,20,2240,1920,50.067,50.317,50.547,0.221,1,50.069,50.386,50.896,0.393,1,1.1667,20,32.695,31.774,32.927,-0.182,-0.149,-0.126,-0.149,-0.149,1,0,
475,1790092875701100032,47.5,19,20,2128,1920,50.08,50.378,50.547,0.239,1,50.069,50.787,50.896,0.424,1,1.1083,20,32.575,31.774,32.927,-0.12,0.252,-0.246,0.252,0.252,1,0,
476,1790092875801100032,47.6,19,20,2128,1920,50.08,50.378,50.547,0.234,1,50.095,50.787,50.896,0.437,1,1.1083,20,32.629,31.774,32.911,-0.12,0.252,-0.193,0.252,0.252,1,0,
477,1790092875901100032,47.7,20,20,2240,1920,49.997,50.378,50.547,0.239,1,50.095,50.628,50.896,0.378,1,1.1667,20,32.73,31.774,32.911,-0.12,0.093,-0.091,0.093,0.093,1,0,
478,1790092876001100032,47.8,19,20,2128,1920,50.032,50.389,50.547,0.231,1,50.095,50.628,50.896,0.371,1,1.1083,20,32.737,31.774,32.911,-0.11,0.093,-0.085,0.093,0.093,1,0,
479,1790092876101100032,47.9,19,20,2128,1920,49.992,50.389,50.547,0.222,1,50.069,50.628,50.896,0.386,1,1.1083,20,32.72,31.774,32.94,-0.11,0.093,-0.101,0.093,0.093,1,0,
480,1790092876201100032,48.0,19,20,2128,1920,49.992,50.378,50.441,0.178,1,50.094,50.628,50.896,0.375,1,1.1083,20,32.69,31.774,32.94,-0.12,0.093,-0.132,0.093,0.093,1,0,
481,1790092876301100032,48.1,19,20,2128,1920,50.06,50.378,50.441,0.171,1,50.105,50.628,50.896,0.351,1,1.1083,20,32.764,31.774,32.94,-0.12,0.093,-0.057,0.093,0.093,1,0,
482,1790092876401100032,48.2,19,20,2128,1920,50.025,50.389,50.851,0.211,1,50.105,50.787,50.896,0.351,1,1.1083,20,32.764,31.82,32.94,-0.11,0.252,-0.057,0.252,0.252,1,0,
483,1790092876501100032,48.3,19,20,2128,1920,50.025,50.389,50.851,0.245,1,50.063,50.628,50.889,0.33,1,1.1083,20,32.773,31.873,32.94,-0.11,0.093,-0.048,0.093,0.093,1,0,
484,1790092876601100032,48.4,19,20,2128,1920,49.992,50.285,50.851,0.217,1,50.094,50.628,50.889,0.287,1,1.1083,20,32.773,31.873,32.94,-0.214,0.093,-0.048,0.093,0.093,1,0,
485,1790092876701100032,48.5,20,20,2240,1920,49.987,50.389,52.115,0.334,1,50.063,50.357,52.068,0.34,1,1.1667,20,32.801,32.524,32.94,-0.11,-0.178,-0.02,-0.11,-0.11,1,0,
486,1790092876801100032,48.6,20,20,2240,1920,50.053,50.511,52.115,0.405,1,50.094,50.425,52.068,0.392,1,1.1667,20,32.794,32.524,32.94,0.013,-0.11,-0.027,0.013,0.013,1,0,
487,1790092876901100032,48.7,20,20,2240,1920,49.958,50.511,52.115,0.416,1,50.063,50.425,52.068,0.42,1,1.1667,20,32.803,32.524,32.94,0.013,-0.11,-0.018,0.013,0.013,1,0,
488,1790092877001100032,48.8,20,20,2240,1920,49.958,50.806,52.115,0.455,1,49.995,50.425,52.068,0.421,1,1.1667,20,32.794,31.855,32.94,0.308,-0.11,-0.027,0.308,0.308,1,0,
489,1790092877101100032,48.9,20,20,2240,1920,49.879,50.806,52.115,0.461,1,49.995,50.6,52.068,0.425,1,1.1667,20,32.794,31.855,32.921,0.308,0.064,-0.027,0.308,0.308,1,0,
490,1790092877201100032,49.0,20,20,2240,1920,49.844,50.806,52.115,0.458,1,49.94,50.6,52.068,0.411,1,1.1667,20,32.794,31.855,32.921,0.308,0.064,-0.027,0.308,0.308,1,0,
491,1790092877301100032,49.1,20,20,2240,1920,49.844,50.806,52.115,0.468,1,49.94,50.6,52.068,0.431,1,1.1667,20,32.758,31.855,32.921,0.308,0.064,-0.063,0.308,0.308,1,0,
492,1790092877401100032,49.2,20,20,2240,1920,49.851,50.511,52.115,0.417,1,49.94,50.434,52.068,0.387,1,1.1667,20,32.758,31.855,32.921,0.013,-0.101,-0.063,0.013,0.013,1,0,
493,1790092877501100032,49.3,20,20,2240,1920,49.844,50.511,52.115,0.406,1,49.913,50.434,52.068,0.395,1,1.1667,20,32.794,31.855,32.921,0.013,-0.101,-0.027,0.013,0.013,1,0,
494,1790092877601100032,49.4,20,20,2240,1920,49.844,50.511,52.115,0.393,1,49.913,50.434,52.068,0.419,1,1.1667,20,32.794,31.855,32.921,0.013,-0.101,-0.027,0.013,0.013,1,0,
495,1790092877701100032,49.5,20,20,2240,1920,49.851,50.511,50.939,0.286,1,49.995,50.494,50.608,0.322,1,1.1667,20,32.74,31.855,32.921,0.013,-0.041,-0.081,0.013,0.013,1,0,
496,1790092877801100032,49.6,20,20,2240,1920,49.899,50.34,50.939,0.276,1,50.008,50.494,50.608,0.307,1,1.1667,20,32.723,31.855,32.921,-0.158,-0.041,-0.098,-0.041,-0.041,1,0,
497,1790092877901100032,49.7,20,20,2240,1920,49.899,50.254,50.939,0.253,1,50.044,50.494,50.608,0.317,1,1.1667,20,32.723,31.855,32.902,-0.244,-0.041,-0.098,-0.041,-0.041,1,0,
498,1790092878001100032,49.8,20,20,2240,1920,50.037,50.34,50.939,0.261,1,50.044,50.494,50.608,0.306,1,1.1667,20,32.749,32.16,32.936,-0.158,-0.041,-0.072,-0.041,-0.041,1,0,
499,1790092878101100032,49.9,20,20,2240,1920,50.037,50.34,50.939,0.244,1,50.044,50.494,50.608,0.299,1,1.1667,20,32.782,32.16,32.936,-0.158,-0.041,-0.04,-0.041,-0.041,1,0,
500,1790092878201100032,50.0,20,20,2240,1920,49.986,50.34,50.939,0.24,1,49.982,50.494,50.608,0.305,1,1.1667,20,32.782,32.16,32.936,-0.158,-0.041,-0.04,-0.041,-0.041,1,0,
501,1790092878301100032,50.1,20,20,2240,1920,50.037,50.34,50.939,0.229,1,50.044,50.494,50.608,0.316,1,1.1667,20,32.791,32.16,32.936,-0.158,-0.041,-0.03,-0.041,-0.041,1,0,
502,1790092878401100032,50.2,20,20,2240,1920,50.037,50.376,50.939,0.243,1,50.044,50.511,50.754,0.34,1,1.1667,20,32.791,32.16,32.936,-0.122,-0.024,-0.03,-0.024,-0.024,1,0,
503,1790092878501100032,50.3,20,20,2240,1920,50.07,50.376,50.939,0.24,1,49.982,50.511,50.754,0.381,1,1.1667,20,32.738,31.741,32.936,-0.122,-0.024,-0.083,-0.024,-0.024,1,0,
504,1790092878601100032,50.4,20,20,2240,1920,49.986,50.349,50.402,0.191,1,50.044,50.511,50.809,0.36,1,1.1667,20,32.738,31.741,32.936,-0.15,-0.024,-0.083,-0.024,-0.024,1,0,
505,1790092878701100032,50.5,20,20,2240,1920,50.07,50.349,50.402,0.188,1,50.044,50.511,50.809,0.331,1,1.1667,20,32.738,31.741,32.936,-0.15,-0.024,-0.083,-0.024,-0.024,1,0,
506,1790092878801100032,50.6,20,20,2240,1920,50.088,50.376,50.706,0.18,1,50.139,50.754,50.809,0.334,1,1.1667,20,32.757,31.741,32.936,-0.122,0.219,-0.064,0.219,0.219,1,0,
507,1790092878901100032,50.7,20,19,2240,1824,50.088,50.402,72.324,1.343,1,50.1,50.754,50.809,0.357,1,1.2281,19,32.77,31.741,32.936,-0.097,0.219,-0.051,0.219,0.219,1,0,
508,1790092879001100032,50.8,20,19,2240,1824,50.088,50.706,72.324,2.726,1,50.1,50.79,72.135,2.362,1,1.2281,19,32.732,31.741,32.92,0.208,0.255,-0.089,0.255,0.255,1,0,
509,1790092879101100032,50.9,20,19,2240,1824,50.1,57.138,72.324,3.362,1,50.15,50.809,72.135,3.302,1,1.2281,19,32.719,31.741,32.92,6.64,0.274,-0.102,6.64,6.64,1,0,
510,1790092879201100032,51.0,20,20,2240,1920,50.1,61.994,88.871,8.035,2,50.162,61.684,89.336,8.184,2,1.1667,20,32.725,31.741,33.542,11.496,11.149,-0.096,11.496,11.496,1,0,
511,1790092879301100032,51.1,20,20,2240,1920,50.1,72.324,88.871,11.847,2,50.162,72.135,89.336,11.875,2,1.1667,20,32.725,31.741,33.542,21.826,21.6,-0.096,21.826,21.826,1,1,1790092879341485041
512,1790092879401100032,51.2,20,20,2240,1920,50.1,72.324,88.871,12.594,2,50.162,72.135,89.336,12.576,2,1.1667,20,32.705,31.741,33.542,21.826,21.6,-0.116,21.826,21.826,1,1,
513,1790092879501100032,51.3,20,20,2240,1920,50.144,72.324,88.871,14.821,2,50.162,72.135,89.336,14.776,2,1.1667,20,32.743,31.969,33.542,21.826,21.6,-0.079,21.826,21.826,1,1,
514,1790092879601100032,51.4,20,20,2240,1920,50.144,72.324,88.871,15.276,2,50.21,72.135,89.336,15.23,2,1.1667,20,32.753,31.969,33.542,21.826,21.6,-0.069,21.826,21.826,1,1,
515,1790092879701100032,51.5,20,20,2240,1920,50.484,72.324,88.871,15.274,2,50.655,72.135,89.336,15.244,2,1.1667,20,32.753,31.969,33.542,21.826,21.6,-0.069,21.826,21.826,1,1,
516,1790092879801100032,51.6,20,19,2240,1824,50.484,72.324,88.871,16.51,2,50.259,72.135,89.336,16.318,2,1.2281,19,32.752,31.969,33.542,21.826,21.6,-0.069,21.826,21.826,1,1,
517,1790092879901100032,51.7,20,20,2240,1920,50.484,76.263,88.871,16.97,2,49.863,70.891,89.336,16.357,2,1.1667,20,32.753,31.969,33.542,25.765,20.356,-0.069,25.765,25.765,1,1,
518,1790092880001100032,51.8,20,20,2240,1920,50.484,76.263,88.871,16.847,2,49.863,76.456,89.336,17.131,2,1.1667,20,32.757,31.969,33.542,25.765,25.921,-0.064,25.921,25.921,1,1,
519,1790092880101100032,51.9,20,20,2240,1920,50.124,70.704,83.898,16.067,2,50.655,76.456,89.336,17.318,2,1.1667,20,32.767,32.368,33.542,20.206,25.921,-0.054,25.921,25.921,1,1,
520,1790092880201100032,52.0,20,19,2240,1824,50.124,69.619,76.263,11.945,1,50.259,69.613,76.456,12.588,1,1.2281,19,32.773,32.368,32.923,19.121,19.078,-0.048,19.121,19.121,1,1,
521,1790092880301100032,52.1,20,19,2240,1824,50.124,70.704,76.263,11.219,1,49.364,69.613,76.456,10.571,1,1.2281,19,32.803,32.368,32.923,20.206,19.078,-0.018,20.206,20.206,1,1,
522,1790092880401100032,52.2,20,19,2240,1824,50.124,69.619,76.263,11.238,1,49.364,69.613,76.456,11.357,1,1.2281,19,32.803,32.368,32.923,19.121,19.078,-0.018,19.121,19.121,1,1,
523,1790092880501100032,52.3,20,19,2240,1824,50.484,69.619,76.263,11.458,1,50.259,69.613,76.456,11.35,1,1.2281,19,32.803,32.368,32.923,19.121,19.078,-0.018,19.121,19.121,1,1,
524,1790092880601100032,52.4,19,19,2128,1824,49.437,69.619,76.263,12.427,1,49.364,69.613,76.456,12.449,1,1.1667,19,32.807,32.368,33.001,19.121,19.078,-0.014,19.121,19.121,1,1,
525,1790092880701100032,52.5,20,19,2240,1824,48.75,73.725,122.572,18.657,2,49.865,73.493,122.596,18.991,2,1.2281,19,32.809,32.368,33.238,23.227,22.958,-0.012,23.227,23.227,1,1,
526,1790092880801100032,52.6,20,20,2240,1920,48.75,73.725,122.572,18.192,2,41.633,73.493,122.596,17.921,2,1.1667,20,32.805,32.368,33.238,23.227,22.958,-0.016,23.227,23.227,1,1,
527,1790092880901100032,52.7,20,21,2240,2016,47.079,66.342,122.572,16.852,2,44.188,66.82,122.596,16.593,2,1.1111,21,32.823,32.368,33.238,15.844,16.285,0.002,16.285,16.285,1,1,
528,1790092881001100032,52.8,20,21,2240,2016,47.079,66.24,122.572,16.218,2,47.805,66.82,122.596,16.423,2,1.1111,21,32.815,32.368,33.238,15.742,16.285,-0.006,16.285,16.285,1,1,
529,1790092881101100032,52.9,20,20,2240,1920,47.079,66.24,122.572,16.094,2,48.866,73.493,122.596,17.318,2,1.1667,20,32.819,32.583,72.1,15.742,22.958,-0.002,22.958,22.958,1,1,
530,1790092881201100032,53.0,20,19,2240,1824,48.754,66.24,122.572,16.029,2,44.188,73.493,122.596,18.305,2,1.2281,19,32.847,32.583,72.1,15.742,22.958,0.026,22.958,22.958,1,1,
531,1790092881301100032,53.1,19,20,2128,1920,47.917,64.553,122.572,14.724,2,43.507,80.544,122.596,17.919,2,1.1083,20,32.849,32.583,87.269,14.055,30.009,0.028,30.009,30.009,1,1,
532,1790092881401100032,53.2,20,18,2240,1728,48.754,66.24,122.572,17.505,2,43.507,80.544,122.596,18.341,2,1.2963,18,32.879,32.583,87.269,15.742,30.009,0.058,30.009,30.009,1,1,
533,1790092881501100032,53.3,20,19,2240,1824,48.754,83.107,122.572,19.792,2,42.873,82.563,124.755,22.762,2,1.2281,19,33.001,32.583,104.715,32.609,32.028,0.18,32.609,32.609,1,1,
534,1790092881601100032,53.4,20,19,2240,1824,47.079,66.24,92.445,16.14,2,42.873,82.563,125.066,24.924,2,1.2281,19,53.46,32.583,122.309,15.742,32.028,20.639,32.028,32.028,1,1,
535,1790092881701100032,53.5,20,20,2240,1920,49.435,83.107,102.303,18.014,2,43.507,82.563,125.066,25.341,2,1.1667,20,73.216,32.583,122.309,32.609,32.028,40.395,32.609,32.609,1,1,
536,1790092881801100032,53.6,20,19,2240,1824,49.435,83.107,102.303,17.835,2,45.125,86.304,125.066,27.439,2,1.2281,19,80.35,32.583,122.309,32.609,35.769,47.529,35.769,35.769,1,1,
537,1790092881901100032,53.7,20,18,2240,1728,51.099,83.107,102.303,17.851,2,42.239,86.304,125.066,28.369,2,1.2963,18,88.44,32.772,122.309,32.609,35.769,55.619,35.769,35.769,1,1,
538,1790092882001100032,53.8,20,18,2240,1728,51.099,83.107,102.303,17.577,2,42.239,86.304,125.066,25.48,2,1.2963,18,91.192,53.46,122.309,32.609,35.769,58.371,35.769,35.769,1,1,
539,1790092882101100032,53.9,20,19,2240,1824,51.099,83.107,102.303,18.597,2,42.243,86.304,125.066,26.141,2,1.2281,19,93.114,53.46,122.309,32.609,35.769,60.293,35.769,35.769,1,1,
540,1790092882201100032,54.0,20,19,2240,1824,51.099,83.107,102.303,20.737,2,42.243,86.304,125.066,23.933,2,1.2281,19,94.81,72.405,122.309,32.609,35.769,61.989,35.769,35.769,1,1,
541,1790092882301100032,54.1,21,19,2352,1824,46.634,77.904,102.303,18.4,2,42.243,84.716,125.066,26.131,2,1.2895,19,100.949,80.35,122.309,27.406,34.181,68.128,34.181,34.181,1,1,
542,1790092882401100032,54.2,20,21,2240,2016,46.492,73.121,102.303,16.06,2,42.243,84.716,125.066,23.854,2,1.1111,21,100.033,80.35,122.309,22.623,34.181,67.212,34.181,34.181,1,1,
543,1790092882501100032,54.3,20,20,2240,1920,46.777,77.904,111.003,19.848,2,42.248,83.656,86.304,20.601,2,1.1667,20,104.261,88.434,122.309,27.406,33.12,71.44,33.12,33.12,1,1,
544,1790092882601100032,54.4,21,20,2352,1920,46.634,73.121,111.003,17.622,2,42.825,84.716,86.304,22.758,2,1.225,20,99.783,88.434,118.975,22.623,34.181,66.962,34.181,34.181,1,1,
545,1790092882701100032,54.5,20,20,2240,1920,46.492,73.121,111.003,17.303,2,42.825,83.834,84.961,20.633,2,1.1667,20,99.783,88.959,118.975,22.623,33.299,66.962,33.299,33.299,1,1,
546,1790092882801100032,54.6,20,19,2240,1824,46.777,73.121,111.003,17.435,2,43.422,83.834,84.961,21.447,2,1.2281,19,99.533,88.959,118.508,22.623,33.299,66.712,33.299,33.299,1,1,
547,1790092882901100032,54.7,20,18,2240,1728,46.492,73.121,111.003,18.158,2,44.599,84.716,131.615,27.578,2,1.2963,18,99.783,88.959,152.686,22.623,34.181,66.962,34.181,34.181,1,1,
548,1790092883001100032,54.8,20,19,2240,1824,48.618,73.121,111.003,18.686,2,44.31,84.716,131.615,28.272,2,1.2281,19,109.855,88.959,173.805,22.623,34.181,77.034,34.181,34.181,1,1,
549,1790092883101100032,54.9,20,18,2240,1728,48.618,70.312,111.003,17.403,2,45.524,84.716,131.615,31.72,2,1.2963,18,108.765,88.959,173.805,19.814,34.181,75.943,34.181,34.181,1,1,
550,1790092883201100032,55.0,20,18,2240,1728,48.618,68.643,111.003,16.409,2,45.524,84.961,131.615,34.184,2,1.2963,18,111.612,88.959,246.867,18.144,34.426,78.791,34.426,34.426,1,1,
551,1790092883301100032,55.1,20,17,2240,1632,48.618,70.312,111.003,17.896,2,60.967,125.554,131.615,32.456,2,1.3725,17,118.124,89.714,265.402,19.814,75.019,85.303,75.019,75.019,1,1,
552,1790092883401100032,55.2,20,16,2240,1536,48.618,68.643,80.397,16.677,2,48.762,125.554,131.615,32.311,2,1.4583,16,135.597,89.714,265.402,18.144,75.019,102.776,75.019,75.019,1,1,
553,1790092883501100032,55.3,20,17,2240,1632,55.478,70.312,80.397,15.519,1,47.299,125.554,131.615,33.661,2,1.3725,17,169.462,89.714,305.486,19.814,75.019,136.641,75.019,75.019,1,1,
554,1790092883601100032,55.4,20,16,2240,1536,50.928,68.643,80.397,13.653,1,76.099,125.554,131.615,35.406,2,1.4583,16,202.407,89.714,305.486,18.144,75.019,169.586,75.019,75.019,1,1,
555,1790092883701100032,55.5,20,15,2240,1440,48.618,61.757,80.397,12.682,1,47.299,122.123,125.554,28.917,2,1.5556,15,247.269,113.268,305.486,11.259,71.588,214.448,71.588,71.588,1,1,
556,1790092883801100032,55.6,20,17,2240,1632,48.149,78.92,104.03,17.654,2,46.252,122.123,125.554,25.655,2,1.3725,17,253.111,113.268,305.486,28.421,71.588,220.29,71.588,71.588,1,1,
557,1790092883901100032,55.7,20,18,2240,1728,50.928,80.397,123.546,22.814,2,45.836,122.123,130.253,29.998,2,1.2963,18,268.434,113.268,355.327,29.898,71.588,235.613,71.588,71.588,1,1,
558,1790092884001100032,55.8,20,15,2240,1440,47.334,80.397,123.546,22.634,2,46.252,125.554,130.253,30.588,2,1.5556,15,275.89,169.462,355.327,29.898,75.019,243.069,75.019,75.019,1,1,
559,1790092884101100032,55.9,20,18,2240,1728,47.334,80.397,123.546,22.889,2,45.598,122.032,130.253,28.102,2,1.2963,18,280.332,231.01,391.117,29.898,71.497,247.511,71.497,71.497,1,1,
560,1790092884201100032,56.0,20,19,2240,1824,47.334,80.397,123.546,22.511,2,42.899,122.032,130.253,26.656,2,1.2281,19,281.279,231.01,391.117,29.898,71.497,248.458,71.497,71.497,1,1,
561,1790092884301100032,56.1,20,19,2240,1824,45.266,78.92,123.546,20.702,2,42.083,122.032,130.253,24.793,2,1.2281,19,281.279,240.022,391.117,28.421,71.497,248.458,71.497,71.497,1,1,
562,1790092884401100032,56.2,20,20,2240,1920,47.334,69.695,123.546,18.673,2,42.16,122.032,130.253,23.18,2,1.1667,20,285.858,240.022,391.117,19.197,71.497,253.036,71.497,71.497,1,1,
563,1790092884501100032,56.3,20,18,2240,1728,45.266,69.695,123.546,18.637,2,43.097,84.149,130.253,20.954,2,1.2963,18,295.719,240.022,391.117,19.197,33.614,262.898,33.614,33.614,1,1,
564,1790092884601100032,56.4,20,20,2240,1920,47.334,69.695,123.546,19.002,2,42.16,84.149,130.253,23.062,2,1.1667,20,303.08,240.022,391.117,19.197,33.614,270.259,33.614,33.614,1,1,
565,1790092884701100032,56.5,20,19,2240,1824,47.334,65.459,123.546,16.736,2,42.083,84.149,130.253,23.963,2,1.2281,19,302.442,240.022,391.117,14.961,33.614,269.621,33.614,33.614,1,1,
566,1790092884801100032,56.6,20,19,2240,1824,47.334,62.073,69.695,12.564,2,42.629,84.149,122.032,23.662,2,1.2281,19,319.929,240.022,391.117,11.575,33.614,287.108,33.614,33.614,1,1,
567,1790092884901100032,56.7,20,19,2240,1824,52.143,64.592,69.695,11.076,1,42.629,83.188,84.942,17.184,2,1.2281,19,322.396,240.022,391.117,14.094,32.653,289.575,32.653,32.653,1,1,
568,1790092885001100032,56.8,20,20,2240,1920,52.143,64.592,69.695,10.039,1,42.16,83.188,84.942,16.329,2,1.1667,20,323.471,240.022,391.117,14.094,32.653,290.65,32.653,32.653,1,1,
569,1790092885101100032,56.9,20,19,2240,1824,52.033,62.073,69.695,8.464,1,43.1,83.198,84.942,17.024,2,1.2281,19,325.05,240.022,384.581,11.575,32.663,292.229,32.663,32.663,1,1,
570,1790092885201100032,57.0,20,18,2240,1728,52.033,64.592,69.695,9.815,1,43.354,83.198,84.942,20.213,2,1.2963,18,345.285,277.042,412.313,14.094,32.663,312.464,32.663,32.663,1,1,
571,1790092885301100032,57.1,20,18,2240,1728,52.033,64.592,69.933,10.393,1,43.354,83.198,84.942,19.94,2,1.2963,18,354.012,285.61,412.313,14.094,32.663,321.191,32.663,32.663,1,1,
572,1790092885401100032,57.2,20,18,2240,1728,52.033,66.582,100.769,14.747,2,43.102,83.188,84.942,17.808,2,1.2963,18,362.751,285.61,412.313,16.083,32.653,329.93,32.653,32.653,1,1,
573,1790092885501100032,57.3,20,19,2240,1824,52.033,66.582,100.769,15.967,2,44.36,83.188,84.942,21.041,2,1.2281,19,375.874,285.61,434.94,16.083,32.653,343.053,32.653,32.653,1,1,
574,1790092885601100032,57.4,20,17,2240,1632,52.033,66.742,100.769,17.577,2,46.044,84.942,125.879,23.304,2,1.3725,17,384.581,294.005,477.378,16.244,34.407,351.76,34.407,34.407,1,1,
575,1790092885701100032,57.5,20,18,2240,1728,49.84,69.933,100.769,18.35,2,45.164,83.198,125.879,20.043,2,1.2963,18,387.507,325.05,477.378,19.435,32.663,354.686,32.663,32.663,1,1,
576,1790092885801100032,57.6,20,17,2240,1632,48.727,69.933,100.769,17.112,2,42.744,83.198,125.879,18.698,2,1.3725,17,407.378,347.8,477.378,19.435,32.663,374.557,32.663,32.663,1,1,
577,1790092885901100032,57.7,19,17,2128,1632,47.543,69.933,100.769,17.306,2,45.816,83.949,125.879,23.197,2,1.3039,17,410.749,347.8,500.374,19.435,33.414,377.928,33.414,33.414,1,1,
578,1790092886001100032,57.8,20,17,2240,1632,45.108,81.452,100.769,19.68,2,44.133,83.949,125.879,21.109,2,1.3725,17,412.313,347.8,500.374,30.954,33.414,379.492,33.414,33.414,1,1,
579,1790092886101100032,57.9,20,17,2240,1632,46.359,81.452,100.769,19.624,2,44.31,83.949,125.879,23.519,2,1.3725,17,434.94,386.219,534.629,30.954,33.414,402.119,33.414,33.414,1,1,
580,1790092886201100032,58.0,20,18,2240,1728,46.7,81.452,100.769,19.03,2,45.164,83.949,125.879,24.631,2,1.2963,18,456.304,386.219,534.629,30.954,33.414,423.483,33.414,33.414,1,1,
581,1790092886301100032,58.1,20,18,2240,1728,46.359,66.742,89.685,15.233,2,45.666,83.949,125.879,24.329,2,1.2963,18,476.918,386.219,534.629,16.244,33.414,444.097,33.414,33.414,1,1,
582,1790092886401100032,58.2,20,18,2240,1728,46.359,66.742,89.685,13.236,1,45.047,83.949,125.879,22.523,2,1.2963,18,478.434,386.219,534.629,16.244,33.414,445.613,33.414,33.414,1,1,
583,1790092886501100032,58.3,20,18,2240,1728,46.359,66.651,89.685,11.263,1,43.457,83.15,84.465,15.828,2,1.2963,18,482.288,417.237,534.629,16.153,32.615,449.467,32.615,32.615,1,1,
584,1790092886601100032,58.4,20,19,2240,1824,46.647,81.452,89.685,13.733,1,44.252,83.15,84.465,16.878,2,1.2281,19,495.775,417.237,534.629,30.954,32.615,462.954,32.615,32.615,1,1,
585,1790092886701100032,58.5,20,19,2240,1824,46.647,69.856,89.685,13.507,1,44.252,83.949,86.239,21.504,2,1.2281,19,500.374,417.237,550.368,19.357,33.414,467.553,33.414,33.414,1,1,
586,1790092886801100032,58.6,20,19,2240,1824,46.7,69.856,89.685,13.207,1,44.252,84.465,125.8,23.829,2,1.2281,19,500.706,417.237,563.042,19.357,33.93,467.885,33.93,33.93,1,1,
587,1790092886901100032,58.7,21,18,2352,1728,46.937,66.651,85.45,10.937,1,45.047,84.465,125.8,24.988,2,1.3611,18,511.324,476.639,605.406,16.153,33.93,478.502,33.93,33.93,1,1,
588,1790092887001100032,58.8,20,19,2240,1824,47.174,66.651,85.45,9.568,1,43.385,84.465,125.8,22.039,2,1.2281,19,517.025,476.639,605.406,16.153,33.93,484.204,33.93,33.93,1,1,
589,1790092887101100032,58.9,20,18,2240,1728,50.187,66.651,85.45,10.525,1,43.312,86.239,125.8,21.141,2,1.2963,18,523.661,476.639,624.242,16.153,35.704,490.839,35.704,35.704,1,1,
590,1790092887201100032,59.0,18,18,2016,1728,50.187,60.623,85.45,10.587,1,42.838,86.239,125.8,20.885,2,1.1667,18,539.144,477.197,624.242,10.124,35.704,506.323,35.704,35.704,1,1,
591,1790092887301100032,59.1,20,18,2240,1728,49.479,69.856,118.777,16.671,2,42.838,87.268,127.287,26.002,2,1.2963,18,569.31,482.554,651.461,19.357,36.733,536.489,36.733,36.733,1,1,
592,1790092887401100032,59.2,20,18,2240,1728,49.479,81.082,118.777,18.942,2,42.838,87.268,127.287,26.221,2,1.2963,18,588.302,483.889,651.461,30.583,36.733,555.481,36.733,36.733,1,1,
593,1790092887501100032,59.3,20,19,2240,1824,49.479,69.856,118.777,17.734,2,41.908,87.268,127.287,27.158,2,1.2281,19,589.103,483.889,651.461,19.357,36.733,556.282,36.733,36.733,1,1,
594,1790092887601100032,59.4,20,18,2240,1728,49.479,63.556,118.777,15.93,2,42.838,87.268,127.287,28.36,2,1.2963,18,596.595,483.889,651.461,13.058,36.733,563.774,36.733,36.733,1,1,
595,1790092887701100032,59.5,20,17,2240,1632,49.479,63.556,118.777,16.177,2,41.91,87.268,127.287,22.397,2,1.3725,17,599.161,563.042,651.461,13.058,36.733,566.34,36.733,36.733,1,1,
596,1790092887801100032,59.6,20,18,2240,1728,49.479,63.556,118.777,15.982,2,42.838,83.279,127.287,23.431,2,1.2963,18,602.283,575.578,651.461,13.058,32.744,569.462,32.744,32.744,1,1,
597,1790092887901100032,59.7,18,18,2016,1728,49.479,63.556,118.777,17.637,2,42.838,84.068,127.287,25.828,2,1.1667,18,604.514,575.578,668.75,13.058,33.533,571.693,33.533,33.533,1,1,
598,1790092888001100032,59.8,20,16,2240,1536,47.389,81.082,160.248,26.198,3,42.838,84.068,127.287,25.958,2,1.4583,16,611.464,575.578,668.75,30.583,33.533,578.643,33.533,33.533,1,1,
599,1790092888101100032,59.9,20,18,2240,1728,46.009,81.082,160.248,25.899,3,43.407,84.068,171.548,35.364,3,1.2963,18,613.363,575.578,827.596,30.583,33.533,580.542,33.533,33.533,1,1,
600,1790092888201100032,60.0,22,18,2464,1728,47.187,81.082,160.248,23.784,3,43.407,83.279,171.548,34.952,3,1.4259,18,628.414,578.398,827.596,30.583,32.744,595.592,32.744,32.744,1,1,
601,1790092888301100032,60.1,20,18,2240,1728,47.187,63.556,160.248,20.656,3,44.831,83.565,171.548,34.19,3,1.2963,18,652.652,578.398,827.596,13.058,33.03,619.831,33.03,33.03,1,1,
602,1790092888401100032,60.2,20,18,2240,1728,47.187,64.031,160.248,20.478,3,43.967,83.565,171.548,32.054,3,1.2963,18,685.532,578.398,827.596,13.533,33.03,652.71,33.03,33.03,1,1,
603,1790092888501100032,60.3,19,17,2128,1632,47.073,64.031,160.248,21.265,3,43.945,84.068,171.548,29.262,3,1.3039,17,697.047,584.704,827.596,13.533,33.533,664.226,33.533,33.533,1,1,
604,1790092888601100032,60.4,20,17,2240,1632,46.96,81.347,160.248,24.071,3,43.945,84.068,171.548,29.509,3,1.3725,17,697.047,578.512,827.596,30.848,33.533,664.226,33.533,33.533,1,1,
605,1790092888701100032,60.5,20,19,2240,1824,46.96,81.347,160.248,24.97,3,43.666,84.068,171.548,31.509,3,1.2281,19,700.601,578.512,827.596,30.848,33.533,667.78,33.533,33.533,1,1,
606,1790092888801100032,60.6,20,18,2240,1728,46.96,71.061,89.475,20.07,3,42.099,83.565,171.548,28.63,3,1.2963,18,701.16,578.512,827.596,20.563,33.03,668.339,33.03,33.03,1,1,
607,1790092888901100032,60.7,22,19,2464,1824,46.96,71.061,89.475,20.1,3,41.763,83.565,129.24,24.522,3,1.3509,19,707.688,578.512,827.596,20.563,33.03,674.867,33.03,33.03,1,1,
608,1790092889001100032,60.8,20,21,2240,2016,53.411,69.481,81.347,15.801,1,41.763,83.565,129.24,26.097,3,1.1111,21,707.774,578.512,827.596,18.983,33.03,674.953,33.03,33.03,1,1,
609,1790092889101100032,60.9,20,18,2240,1728,56.867,71.061,81.347,15.195,1,42.099,83.565,129.24,25.85,2,1.2963,18,707.731,578.512,786.405,20.563,33.03,674.91,33.03,33.03,1,1,
610,1790092889201100032,61.0,18,17,2016,1632,56.867,71.061,81.347,16.725,1,43.011,124.923,129.24,27.535,2,1.2353,17,707.774,578.512,808.779,20.563,74.388,674.953,74.388,74.388,1,1,
611,1790092889301100032,61.1,20,16,2240,1536,56.867,73.118,198.789,30.181,4,42.099,124.923,129.24,28.83,2,1.4583,16,708.913,578.512,822.018,22.62,74.388,676.091,74.388,74.388,1,1,
612,1790092889401100032,61.2,20,18,2240,1728,56.867,73.118,198.789,29.822,4,41.427,124.923,167.841,39.744,4,1.2963,18,762.15,578.512,954.132,22.62,74.388,729.329,74.388,74.388,1,1,
613,1790092889501100032,61.3,21,17,2352,1632,51.071,71.061,198.789,27.36,4,59.684,129.24,167.841,44.814,4,1.4412,17,765.443,578.512,954.132,20.563,78.705,732.622,78.705,78.705,1,1,
614,1790092889601100032,61.4,18,19,2016,1824,53.601,69.481,198.789,27.598,4,43.043,88.541,167.841,35.203,4,1.1053,19,789.907,653.225,954.132,18.983,38.005,757.086,38.005,38.005,1,1,
615,1790092889701100032,61.5,20,16,2240,1536,48.542,73.118,198.789,37.95,4,44.178,124.923,167.841,38.849,4,1.4583,16,811.638,653.225,954.132,22.62,74.388,778.817,74.388,74.388,1,1,
616,1790092889801100032,61.6,20,19,2240,1824,48.542,73.118,198.789,37.46,4,43.043,88.541,167.841,39.718,4,1.2281,19,816.531,728.821,954.132,22.62,38.005,783.71,38.005,38.005,1,1,
617,1790092889901100032,61.7,20,19,2240,1824,48.542,73.118,198.789,37.493,4,43.043,88.541,167.841,37.848,4,1.2281,19,822.018,728.821,954.132,22.62,38.005,789.197,38.005,38.005,1,1,
618,1790092890001100032,61.8,20,19,2240,1824,48.542,86.244,198.789,40.228,4,43.043,88.541,167.841,37.644,4,1.2281,19,822.018,677.987,954.132,35.746,38.005,789.197,38.005,38.005,1,1,
619,1790092890101100032,61.9,19,20,2128,1920,42.003,61.515,190.543,32.754,4,42.194,88.541,167.841,35.666,4,1.1083,20,819.274,677.987,954.132,11.017,38.005,786.453,38.005,38.005,1,1,
620,1790092890201100032,62.0,21,20,2352,1920,48.05,86.244,190.543,31.683,4,42.194,88.541,167.841,33.833,4,1.225,20,819.274,677.987,954.132,35.746,38.005,786.453,38.005,38.005,1,1,
621,1790092890301100032,62.1,20,20,2240,1920,48.542,86.244,190.543,27.571,4,42.194,86.409,164.651,29.308,4,1.1667,20,819.813,677.987,954.132,35.746,35.874,786.992,35.874,35.874,1,1,
622,1790092890401100032,62.2,20,19,2240,1824,48.542,86.244,190.543,27.823,4,42.323,85.552,164.651,24.072,3,1.2281,19,816.531,677.987,915.829,35.746,35.017,783.71,35.746,35.746,1,1,
623,1790092890501100032,62.3,20,19,2240,1824,47.559,70.068,91.65,20.781,4,43.171,85.552,164.651,24.218,3,1.2281,19,816.373,677.987,915.829,19.57,35.017,783.552,35.017,35.017,1,1,
624,1790092890601100032,62.4,22,19,2464,1824,47.559,70.068,91.65,20.096,4,42.244,85.552,87.345,24.308,3,1.3509,19,823.096,677.987,915.829,19.57,35.017,790.275,35.017,35.017,1,1,
625,1790092890701100032,62.5,20,21,2240,2016,48.235,86.244,92.886,18.874,2,43.414,85.552,87.345,22.15,3,1.1111,21,833.914,677.987,915.829,35.746,35.017,801.093,35.746,35.746,1,1,
626,1790092890801100032,62.6,20,19,2240,1824,47.559,86.244,92.886,20.318,2,45.66,85.552,87.345,23.284,2,1.2281,19,823.096,677.987,889.076,35.746,35.017,790.275,35.746,35.746,1,1,
627,1790092890901100032,62.7,20,19,2240,1824,47.559,91.28,92.886,21.849,2,44.853,85.552,87.345,23.786,2,1.2281,19,836.856,677.987,889.076,40.782,35.017,804.035,40.782,40.782,1,1,
628,1790092891001100032,62.8,20,19,2240,1824,47.559,91.28,92.886,20.776,2,44.853,85.49,87.345,23.619,2,1.2281,19,837.703,708.966,889.076,40.782,34.955,804.882,40.782,40.782,1,1,
629,1790092891101100032,62.9,21,19,2352,1824,47.349,81.238,92.886,18.042,2,45.66,85.49,87.345,27.802,2,1.2895,19,837.921,708.966,889.076,30.74,34.955,805.1,34.955,34.955,1,1,
630,1790092891201100032,63.0,19,19,2128,1824,46.516,81.238,92.886,19.678,2,45.66,85.552,88.839,28.19,2,1.1667,19,841.501,708.966,889.076,30.74,35.017,808.68,35.017,35.017,1,1,
631,1790092891301100032,63.1,20,18,2240,1728,45.892,91.28,173.493,28.415,3,45.33,85.49,88.839,27.482,2,1.2963,18,847.474,708.966,889.076,40.782,34.955,814.652,40.782,40.782,1,1,
632,1790092891401100032,63.2,20,16,2240,1536,45.892,91.28,173.493,29.01,3,75.223,88.839,255.393,42.252,2,1.4583,16,847.474,754.275,1058.108,40.782,38.304,814.652,40.782,40.782,1,1,
633,1790092891501100032,63.3,20,17,2240,1632,47.153,91.28,173.493,29.426,3,45.182,88.839,255.393,39.676,2,1.3725,17,859.998,802.84,1058.108,40.782,38.304,827.177,40.782,40.782,1,1,
634,1790092891601100032,63.4,20,16,2240,1536,45.892,81.238,173.493,26.375,3,43.401,88.839,255.393,36.61,2,1.4583,16,870.589,802.84,1058.108,30.74,38.304,837.767,38.304,38.304,1,1,
635,1790092891701100032,63.5,20,16,2240,1536,45.993,65.344,173.493,23.124,3,43.009,88.839,255.393,37.008,2,1.4583,16,882.881,802.84,1063.467,14.846,38.304,850.059,38.304,38.304,1,1,
636,1790092891801100032,63.6,19,15,2128,1440,46.573,61.558,173.493,21.769,3,43.205,88.839,255.393,33.779,2,1.4778,15,1007.555,812.447,1063.467,11.06,38.304,974.734,38.304,38.304,1,1,
637,1790092891901100032,63.7,20,16,2240,1536,46.197,61.558,173.493,19.346,3,43.009,88.839,255.393,31.49,2,1.4583,16,1051.922,812.447,1063.77,11.06,38.304,1019.101,38.304,38.304,1,1,
638,1790092892001100032,63.8,20,16,2240,1536,48.017,61.558,173.493,19.148,3,42.955,88.839,255.393,26.247,2,1.4583,16,1053.573,818.979,1063.77,11.06,38.304,1020.752,38.304,38.304,1,1,
639,1790092892101100032,63.9,20,16,2240,1536,47.153,61.558,78.125,15.055,3,42.799,83.569,255.393,20.759,1,1.4583,16,1053.573,872.783,1063.77,11.06,33.034,1020.752,33.034,33.034,1,1,
640,1790092892201100032,64.0,22,17,2464,1632,47.153,65.344,104.61,18.601,3,42.233,82.765,83.569,8.743,1,1.5098,17,1053.767,936.888,1068.713,14.846,32.23,1020.946,32.23,32.23,1,1,
641,1790092892301100032,64.1,20,19,2240,1824,48.017,65.344,104.61,14.17,2,42.233,82.765,85.256,12.507,2,1.2281,19,1053.378,936.888,1068.713,14.846,32.23,1020.557,32.23,32.23,1,1,
642,1790092892401100032,64.2,20,20,2240,1920,47.153,65.344,104.61,13.354,2,41.668,83.119,85.256,13.978,2,1.1667,20,1051.922,936.888,1068.713,14.846,32.584,1019.101,32.584,32.584,1,1,
643,1790092892501100032,64.3,20,19,2240,1824,47.912,65.344,104.61,13.591,2,41.599,83.119,85.256,14.668,2,1.2281,19,1050.466,936.888,1068.713,14.846,32.584,1017.645,32.584,32.584,1,1,
644,1790092892601100032,64.4,20,19,2240,1824,47.912,65.344,104.61,13.556,2,41.501,83.569,87.658,15.195,2,1.2281,19,1053.813,936.888,1094.1,14.846,33.034,1020.992,33.034,33.034,1,1,
645,1790092892701100032,64.5,20,19,2240,1824,47.912,71.027,104.61,13.594,2,41.599,85.256,87.658,17.176,2,1.2281,19,1056.144,936.888,1115.925,20.529,34.721,1023.323,34.721,34.721,1,1,
646,1790092892801100032,64.6,21,20,2352,1920,46.522,71.027,104.61,13.107,2,41.668,85.256,87.658,14.217,2,1.225,20,1060.126,936.888,1115.925,20.529,34.721,1027.304,34.721,34.721,1,1,
647,1790092892901100032,64.7,20,19,2240,1824,46.848,71.027,104.61,14.376,2,42.132,85.256,87.658,19.06,2,1.2281,19,1066.352,936.888,1115.925,20.529,34.721,1033.531,34.721,34.721,1,1,
648,1790092893001100032,64.8,20,19,2240,1824,46.099,71.027,104.61,16.341,2,42.969,85.256,87.658,21.03,2,1.2281,19,1068.713,936.888,1115.925,20.529,34.721,1035.892,34.721,34.721,1,1,
649,1790092893101100032,64.9,20,19,2240,1824,46.848,66.842,88.119,13.089,2,42.969,85.256,87.658,23.103,2,1.2281,19,1082.76,936.888,1137.133,16.344,34.721,1049.939,34.721,34.721,1,1,
650,1790092893201100032,65.0,19,19,2128,1824,47.136,66.842,88.119,11.91,1,42.969,85.135,87.658,23.071,2,1.1667,19,1089.77,1021.779,1137.133,16.344,34.6,1056.949,34.6,34.6,1,1,
651,1790092893301100032,65.1,20,18,2240,1728,47.424,71.027,88.119,14.476,1,43.085,85.135,87.658,21.9,2,1.2963,18,1090.274,1042.161,1137.133,20.529,34.6,1057.452,34.6,34.6,1,1,
652,1790092893401100032,65.2,20,19,2240,1824,47.424,71.027,88.119,14.205,1,43.094,85.135,87.658,23.021,2,1.2281,19,1090.777,1047.218,1137.133,20.529,34.6,1057.956,34.6,34.6,1,1,
653,1790092893501100032,65.3,20,19,2240,1824,49.824,71.027,88.119,14.932,1,43.094,85.135,89.952,23.148,2,1.2281,19,1094.1,1047.218,1137.133,20.529,34.6,1061.279,34.6,34.6,1,1,
654,1790092893601100032,65.4,20,18,2240,1728,49.824,71.027,88.119,15.567,1,43.25,85.135,89.952,26.626,2,1.2963,18,1104.731,1047.218,1157.138,20.529,34.6,1071.91,34.6,34.6,1,1,
655,1790092893701100032,65.5,20,19,2240,1824,47.424,66.842,88.119,14.542,1,43.167,83.933,89.952,25.016,2,1.2281,19,1110.235,1047.218,1179.223,16.344,33.398,1077.414,33.398,33.398,1,1,
656,1790092893801100032,65.6,20,18,2240,1728,47.424,66.842,88.119,13.876,1,43.011,83.933,89.952,24.727,2,1.2963,18,1110.318,1047.218,1179.223,16.344,33.398,1077.497,33.398,33.398,1,1,
657,1790092893901100032,65.7,19,18,2128,1728,48.624,66.842,84.503,13.484,1,43.011,85.135,89.952,22.896,2,1.2315,18,1123.657,1047.218,1202.239,16.344,34.6,1090.836,34.6,34.6,1,1,
658,1790092894001100032,65.8,20,17,2240,1632,49.899,79.29,87.992,15.282,2,43.13,88.985,89.952,24.401,2,1.3725,17,1137.133,1047.218,1211.183,28.791,38.45,1104.312,38.45,38.45,1,1,
659,1790092894101100032,65.9,19,16,2128,1536,50.287,79.29,87.992,14.596,2,43.25,88.985,89.952,22.773,2,1.3854,16,1160.798,1047.218,1252.734,28.791,38.45,1127.977,38.45,38.45,1,1,
